-85.4427,-15.2953
23.6233,-4.37951
-59.433,-14.9371
-9.36602,-9.98041
-47.6304,49.8235
44.4691,14.2866
-44.5295,59.4862
-30.7044,-24.3682
14.0609,73.341
4.55375,2.62077
-54.3307,27.0161
-24.0875,18.8358
-59.3216,35.1799
-13.6929,27.5524
-22.9655,9.41996
9.32891,37.7427
-17.6381,36.9925
4.19938,19.915
-26.7839,87.5165
-22.7523,14.0992
-22.0939,-8.15716
-81.2912,14.2702
-24.231,17.1732
13.2262,4.90167
-33.7488,-18.0118
-25.4131,-47.6563
18.8431,60.3003
-26.345,72.0071
-56.6567,-3.79282
-30.7755,58.0941
15.7408,-40.031
-73.8129,-20.9738
3.50387,16.6337
16.3704,-42.2796
-20.7278,20.2611
-23.4438,30.3817
33.2812,39.6585
-7.13451,73.051
-1.05588,-27.8822
4.21574,-23.6514
-58.2561,-19.2986
-51.3998,1.31316
-36.7128,-51.586
28.1022,34.6363
-23.9382,19.9771
-57.8786,-2.81344
-71.3351,15.6159
-69.434,-0.67777
28.1273,62.8109
-25.9218,8.93047
-54.9784,-33.224
-38.0505,5.51538
-51.4425,76.6027
0.0620436,38.1226
-54.6926,34.1926
-32.0739,-24.6539
-42.4566,14.1913
7.43053,20.141
-42.8499,-12.3541
-54.1549,0.893325
-27.5325,-14.9597
-69.6223,16.9137
-22.216,53.2442
-0.538153,47.5755
7.91256,31.9723
-25.4481,-12.4864
-38.0047,-1.85449
2.239,-32.6296
-23.1452,19.299
-21.2084,17.2475
-24.2907,13.7262
-33.0446,27.5341
-0.824969,-39.3868
-15.6393,19.0847
-24.2764,15.6102
-81.3685,-16.8286
-29.0881,13.6738
-20.7397,16.759
10.5222,9.0868
-70.7708,56.92
-36.4173,73.6908
-61.6158,70.3635
37.6179,21.2139
-37.268,11.4168
-75.4173,56.2301
-69.9407,27.9572
5.04489,52.649
-48.9893,5.9016
-12.3495,26.4585
46.5096,-1.81631
-52.8184,-14.8328
5.42162,48.7738
-23.8538,18.1186
-39.516,-44.5154
-70.9619,-44.2043
-81.9371,-11.7711
20.8459,-20.4562
3.51912,2.97296
-6.33601,31.2644
-90.0919,9.15634
-34.7113,13.5054
-92.234,45.5054
42.1098,-0.759521
-76.7408,11.8504
-1.45882,-32.7978
-21.9852,20.9494
10.1909,10.774
17.1046,52.5591
-1.59827,34.7884
-19.406,6.03316
15.8041,-0.218959
9.70856,-0.776215
-38.9797,-23.1914
-22.2844,9.33205
23.7973,63.0514
-26.6913,1.41916
-4.27425,3.25381
-29.2871,13.3296
26.2855,-5.05488
-43.9297,2.70847
-32.3673,11.6763
9.44328,0.803957
-48.5406,-11.8827
-75.22,32.4935
-71.7111,3.14662
30.1259,-10.3077
-48.6152,42.9323
-18.0818,31.1097
-9.406,-35.6021
-23.399,46.7933
25.6579,68.9117
-41.5182,-4.24602
-44.1279,51.6014
-59.7326,-1.91325
-75.9739,8.31088
30.4627,-12.5835
-26.5702,-49.2163
-5.29385,20.7655
27.6287,22.7395
-71.5369,43.7943
13.6383,-17.4046
-10.7639,-12.8842
-28.4833,6.71195
-80.7961,-17.8142
-40.2079,31.7717
-23.3958,45.1268
-22.7425,14.2041
-42.9659,-10.7087
-12.5239,-21.2694
-72.0182,2.79983
-6.58455,-2.13674
-30.3359,1.74658
12.0682,69.1391
6.0251,38.1012
-27.8444,17.231
-43.5305,-20.9238
-31.2595,53.8552
-4.12357,26.3959
-26.8517,78.6726
18.1278,48.7082
-75.8836,-32.645
24.304,-21.2778
-36.1704,28.5683
2.16899,32.021
-50.4797,53.5219
-23.6636,42.4517
-14.7446,33.0011
8.0183,58.1715
-32.2285,19.1769
-47.8187,78.0365
-34.889,15.0446
-48.5253,-26.9171
4.37521,-47.0557
-70.2527,63.0361
-35.908,2.15145
-25.9138,-21.2492
-72.0804,50.3035
-24.3248,14.4586
-17.0427,18.81
-27.4663,17.4572
-46.7338,41.1432
-43.475,29.9902
21.021,15.9435
14.279,41.5503
8.91509,4.67726
11.9988,14.5843
-66.8211,29.6704
-7.7819,25.9881
-53.4313,17.3949
3.27886,24.0916
5.21138,53.9575
-54.9634,32.1584
-74.6825,16.6796
5.13505,71.7133
-22.4413,47.9565
33.5055,39.7851
7.42656,27.0861
-48.1818,-2.48626
-84.3495,54.8866
-52.3897,16.6437
36.9098,9.79689
-17.3373,10.2243
-2.19181,-28.8439
-56.8441,7.93735
-35.1218,32.419
-33.5373,20.6645
24.4237,33.5678
-60.5881,-21.3314
4.25781,35.2154
-3.13917,-55.6838
-91.5517,-5.25139
-27.9759,31.1743
-65.3515,5.17425
-16.5522,26.9148
6.4251,22.5428
-5.24864,26.3656
5.66259,56.1103
2.538,35.208
-44.0829,26.4571
2.85736,19.1125
3.71419,7.08849
-79.8748,9.94036
-5.24963,6.60335
-27.9996,17.9427
-56.6471,60.5907
-25.58,14.4985
-35.2232,12.1149
-14.3094,43.5287
-27.9259,-55.2196
-26.5454,14.5019
-22.0881,39.2979
-22.6529,10.2785
-31.5159,13.6575
-25.3844,12.9845
-33.8038,65.549
21.2529,-19.4488
-27.0663,7.57421
15.5938,-22.8914
-21.9527,-0.247846
-48.6762,-28.5038
-19.7749,-37.874
6.10658,5.03885
-18.975,-37.2481
-21.3181,85.9526
-26.047,13.1232
-59.4009,-24.2841
-27.1519,18.7767
-17.1553,54.8406
-33.7697,17.4543
-22.6876,38.4564
-27.6122,34.9374
2.22902,-46.8205
-28.0091,8.55318
-37.8785,-42.202
-55.4481,8.59601
-49.6869,38.6777
27.2585,56.1978
3.5588,13.1344
-27.04,21.9712
-8.14539,16.4695
1.53216,40.545
-16.613,-9.0335
11.8183,7.40317
-40.8304,59.4211
-48.8574,-21.997
-51.0902,-54.762
-29.1614,29.9152
-47.2446,-34.275
-49.0907,71.5592
3.58244,15.9223
-13.3574,47.2567
-24.943,23.2298
3.29802,-51.3468
-22.7444,25.682
-32.8914,14.979
-80.7491,39.9266
-24.7282,12.6546
-79.3362,43.7203
-42.2121,-30.8256
-24.1936,61.4318
-24.2905,-4.84899
-17.7588,32.6708
-36.0667,8.30663
-91.0629,48.8196
-25.3959,37.138
-24.9354,-24.6768
-22.1701,7.12548
-20.1592,-11.8248
-31.1391,-16.6722
-72.7734,-40.0201
-17.4579,-3.58373
-27.8969,24.0521
36.0762,-22.0877
-24.9207,15.3954
10.0964,55.1816
-26.0454,77.3968
-39.0079,-54.9503
-10.2636,84.8851
-27.6929,-49.6476
26.9038,-27.816
-6.13549,-49.1141
31.0308,40.6213
7.95992,-27.5987
-33.8082,-36.2023
-38.9758,15.1946
-83.4891,33.665
-42.9972,41.6834
-64.3691,22.5778
-68.1689,62.2953
-61.9257,9.06631
-59.7722,-16.3724
-60.4051,-41.5709
-28.0436,2.17485
-25.7462,21.5142
-47.0713,17.7006
-38.9072,57.7596
-33.7512,-19.233
-55.2187,0.987256
-91.7675,24.8688
-24.2927,-0.635125
9.97953,61.3978
-14.3715,62.7328
-17.6798,7.68443
-25.9746,17.2389
29.3581,15.4069
39.7998,-1.84775
33.2032,17.298
2.70735,0.891161
-16.5927,34.1509
10.457,43.875
-40.1483,-18.7769
-33.2585,-20.6391
-14.3595,-34.8264
32.8659,-6.19069
18.7602,31.0401
-68.3829,11.4726
-48.0919,-11.8105
-68.5318,-34.8791
-18.4846,4.46348
-25.9255,24.7862
-58.1711,53.6471
-14.9281,2.34807
-32.3524,-23.6092
21.6435,-14.3744
-34.7024,34.745
-9.24405,-27.1063
-61.7219,-27.2843
-15.456,35.5509
-41.4386,34.7564
-79.3271,42.743
7.41515,27.0304
-24.9534,15.0661
-26.7849,12.5597
31.8593,-31.585
-5.20261,8.5299
-14.1653,-17.246
-12.1195,12.6689
-18.0001,39.8824
-23.3824,30.2095
-18.5374,-27.3928
-9.64122,35.2836
-8.45982,-38.4596
-15.7412,6.6337
-34.9899,-50.862
-65.1368,60.2993
-5.69306,9.02148
11.7928,-22.3226
-44.0772,52.3705
-18.3168,39.0605
-37.208,41.9004
4.31945,13.9268
-10.3642,53.0066
-24.3145,14.1533
-58.3546,-3.37428
-25.1484,14.0482
-20.6802,19.5748
46.1604,37.0277
-75.7353,22.8438
-3.54717,0.00935577
-74.1068,71.5178
-26.9057,-5.82494
-19.3133,6.68327
-32.8495,-16.6872
-64.163,42.2058
-27.9949,15.6983
-53.6512,-5.59668
-95.7641,-7.73408
-20.8751,-28.9985
-19.1424,22.0293
5.40197,79.4966
-43.3241,21.5995
-45.7736,50.0368
-2.6812,30.1314
4.70844,8.9384
-78.8079,-35.534
19.5679,-42.7573
-20.082,73.0144
20.8408,61.6936
-5.41964,29.3414
-25.3984,17.726
-84.7162,20.4104
-6.49087,-28.7804
-81.4247,-23.5852
-21.2662,22.1918
-50.676,-14.144
-17.295,36.887
-73.3354,56.5381
-53.988,-12.6944
-32.7298,15.1324
-18.1164,-5.37383
-60.6005,-39.2884
-77.6125,66.8574
-28.3327,5.12796
21.0036,52.8642
-24.0115,26.763
6.92161,-7.35133
-56.9542,-12.3176
25.1203,36.649
-43.4622,-18.6219
-53.1196,-4.52082
46.061,37.6016
-16.5727,30.5808
-42.6475,9.25621
30.3277,10.0809
-74.7057,66.5941
-24.9392,7.02372
-4.68832,30.0926
-49.4782,32.4704
-26.8874,39.6015
0.879448,16.8473
-24.5695,-0.985323
-18.925,-15.7684
-24.8981,16.5773
-25.7068,36.3476
-28.4767,16.4458
-17.1956,-37.9864
-69.9146,-17.25
-55.9093,-34.4067
-40.8254,46.6549
-24.0074,15.4319
-93.8984,8.57633
-79.7548,35.2791
-71.9853,49.6814
-32.856,14.2162
-22.6739,16.2007
-12.4134,-4.16037
-47.4939,66.5118
-1.03281,-8.28682
-24.2948,13.6223
-40.8679,-7.18988
24.8194,-10.4882
-23.0606,13.059
-19.81,6.41833
31.5423,58.6418
-7.61039,19.3404
-29.7968,16.4745
-57.9879,12.7437
-39.9647,-4.31696
-45.1136,-9.86732
-5.77716,39.1318
-37.6737,27.8713
-36.6862,47.2304
46.3719,29.8999
-40.624,-24.8506
-35.0678,8.06487
-45.7767,-8.0944
-31.5081,20.0078
-33.0534,77.8023
-28.8369,30.4668
-21.5593,-13.8119
-29.9625,14.8797
-81.4115,55.8242
-3.52146,0.0164514
-80.6543,16.1305
-42.3918,34.0794
-25.6357,17.2233
-62.2613,18.9188
-11.2242,35.4872
-12.0037,31.3644
-63.7226,57.7266
-39.9734,-21.2356
-21.6342,15.8119
-40.5592,29.1581
-22.9446,17.0603
28.5708,41.1247
-82.1616,55.2023
-45.6543,43.0703
-33.7794,17.7764
-8.45292,55.1105
-37.6953,-39.8044
-58.25,-45.1064
-32.6719,10.5868
-39.5268,-0.0437414
-7.13894,8.09248
-31.8847,17.7457
-40.5547,1.29247
-21.0714,19.5285
-37.265,-23.9267
-56.6365,-6.24226
-84.2411,18.6819
26.0632,-31.3325
-20.1476,82.6978
-32.9148,-25.6104
37.953,-13.354
-0.777022,32.9078
-25.0798,22.0121
27.6873,9.29664
-36.0407,14.941
22.5494,36.3775
-70.5236,47.4704
-56.0528,-17.0255
-16.5717,15.5045
15.024,7.84242
-14.1688,32.4736
-24.9588,14.9756
-71.9562,72.7525
-8.29527,-3.35713
-11.7361,3.44464
-32.0243,25.2665
-90.5273,11.8411
-74.8084,35.426
-13.0961,34.3814
-68.8894,24.5356
-58.4766,30.8877
-50.4685,57.1254
-65.9367,77.0718
13.0731,28.0948
-66.7395,11.2354
-72.7081,19.8724
4.63654,43.433
-48.8936,32.1214
-40.1998,-17.9353
-23.8286,21.4497
-90.6587,-2.48686
-31.9578,78.4365
12.7248,-8.40723
-71.2006,1.71773
-18.6461,24.9556
-2.31678,22.8927
-77.5263,17.0894
-2.36498,41.6503
34.0494,23.9729
2.90681,16.9561
21.162,-25.3185
-12.4686,24.8564
-44.1506,-24.5995
-42.9693,-29.0198
21.5096,34.9035
-25.1228,24.9737
20.7772,62.6899
-17.9658,1.69924
-8.99023,17.4707
-61.0066,4.57651
-19.2517,37.6813
-26.4972,9.19849
-42.8205,56.2827
-27.7657,18.6032
-62.1537,52.5375
-63.8581,-11.8615
-88.4185,51.2939
-86.352,31.9036
-32.2358,7.36892
-3.23536,22.5599
-94.0697,14.4426
-3.26045,16.6697
-12.6847,5.71162
-30.1613,67.1142
-51.4135,-26.2317
-6.23698,17.267
-11.1753,34.4868
-13.9967,-38.5444
-9.76649,7.75751
16.6598,-3.63302
-82.0091,56.5348
-26.6978,-7.49591
-42.9397,-2.33653
-27.7099,14.9488
-7.54992,-51.5855
-48.0345,-44.6089
-56.2089,35.1726
-68.3173,6.24186
3.58058,6.09375
10.4059,-16.5674
15.1079,12.0162
-67.6946,71.8783
-28.2457,-3.00769
-70.8698,-12.476
-26.7938,-16.1773
-17.2571,23.5459
-15.1807,48.1433
-70.8306,-20.2416
-33.1667,84.1568
-28.16,-36.4867
38.5849,21.2049
-6.0956,20.3352
-39.5266,43.0513
-31.3875,14.3082
1.90141,39.1564
-20.1532,20.2243
-0.455505,13.9461
-69.8153,-31.3265
-55.1218,-21.1292
-32.8567,21.7401
19.5792,-44.6176
-16.127,7.46649
-22.5202,-56.3795
-1.18138,19.4984
-26.111,16.0983
-36.299,-21.113
-12.6057,10.8007
-32.4143,6.24978
-7.81404,24.2063
-39.4217,38.6548
13.095,16.0822
-41.6391,-17.6767
-49.2099,-9.133
22.9226,38.3849
-70.159,-23.578
-73.9137,-6.69027
24.7333,39.303
-62.951,76.004
-2.3716,12.2908
-22.3016,10.2685
-73.1506,-14.2135
18.2909,19.4087
-31.2943,27.1998
-12.6039,-4.47729
-20.9197,-54.0685
-23.9483,50.3536
-35.6995,56.0292
-58.8696,8.75293
-22.6997,23.6452
-3.62771,72.076
-6.71797,-22.9909
-32.2083,41.9601
-22.5151,3.44114
48.241,13.8416
-22.3569,6.58837
-29.8739,-44.3108
-50.1885,22.2995
-11.4065,7.04937
-30.5703,20.2187
-1.2329,42.4579
-10.6708,-31.4365
-22.9208,-1.40841
-53.8633,4.42022
-17.9081,-17.65
-63.9463,-30.1885
-55.2968,63.5517
-26.9591,21.8301
-56.1513,-0.00532009
-31.3535,6.82797
-99.8569,17.3996
26.9933,-23.655
-22.7535,-33.8203
-43.3227,-10.772
4.14595,-15.1064
-8.03122,-27.7435
-24.7171,15.1887
-18.1097,28.0424
-4.50683,12.7195
-86.0945,-9.95189
-25.8757,62.9706
-33.9544,17.2049
-55.009,39.5227
-23.996,11.5076
-9.05027,87.2912
-32.8467,-42.0364
-41.2891,-13.8649
-5.03194,54.5332
-83.5134,42.9301
21.239,3.45151
-66.6744,-3.1082
31.6644,24.7305
-30.5621,75.3064
-10.8468,67.9195
-55.7083,71.6637
-43.7837,11.1347
6.1837,41.1822
9.42508,64.8924
-45.1931,17.5146
-86.2933,43.9464
-32.3012,9.98407
31.7287,29.1823
-29.1739,-49.4079
-36.5016,-4.15475
18.5889,-21.9933
44.7799,11.981
-7.8554,1.80549
36.8435,11.4219
-9.55049,20.6998
-5.81647,30.3653
-17.842,20.697
-55.3392,47.4524
-20.4401,20.5251
40.8849,-9.12104
-39.3121,-3.70018
-51.4189,22.8866
-25.0679,44.9276
-31.9845,12.7039
12.1612,-30.394
-11.9423,19.6364
-52.8983,40.6715
-29.5114,59.8874
-56.1679,16.4873
-65.2253,21.1931
-65.9818,46.8827
14.6972,-9.24829
-15.063,14.9371
13.6426,-17.2732
4.45654,37.3954
-23.4165,14.5973
-49.3235,27.9496
-34.5327,29.3205
-17.801,-59.4418
-38.9597,39.8096
-86.3861,21.0059
9.18145,-49.8111
-27.0729,11.906
-2.22107,34.8592
-39.1904,74.7036
-45.4301,13.3245
30.9259,16.2618
20.5663,45.6021
3.06375,4.06866
-20.8267,14.419
-25.9228,79.5992
-17.3435,-4.82807
41.9269,9.06158
-1.96677,35.9312
-17.9145,-2.89408
-53.9244,9.80355
-32.8781,54.3211
-61.8832,8.49496
1.64516,69.4766
36.5337,-2.5731
-7.711,50.9389
10.7948,75.3333
-43.7734,60.4417
1.3246,4.82001
-8.98984,1.43394
20.7012,28.9294
-17.451,12.3923
-35.1066,46.6609
11.1457,63.5485
-43.9656,43.1078
-9.6768,-10.498
-18.2023,65.8226
-14.2922,8.65872
-16.4111,46.1956
-96.6507,28.3464
48.5017,3.32712
-45.1781,44.1112
-39.8006,69.5719
-37.878,29.9506
-8.66954,15.6959
-84.232,16.5256
1.77486,2.73319
-48.6732,40.4823
-63.5558,18.0083
37.3995,34.0419
28.8122,63.0708
-52.5572,38.7314
-4.89155,6.4605
-26.7906,17.4699
-32.7622,-11.5294
-26.285,14.4201
-23.8685,-19.1117
27.1746,10.4705
-71.578,23.0274
-41.8534,2.02171
-34.7984,27.6014
-22.3087,21.3501
-24.769,14.8643
-86.6228,26.4322
28.7769,-17.9958
-24.8806,14.926
-23.0523,-25.8106
3.95967,-5.52698
-26.6063,22.7782
-50.7013,0.371578
-24.0456,0.666642
-30.578,3.60257
-24.0589,15.8487
-49.2262,-47.1265
-9.95489,30.9857
-5.73374,84.1944
15.5642,-16.9536
-22.3923,13.6683
-50.3114,34.3292
-6.81378,-56.0251
18.7036,56.9058
32.5514,29.7004
42.1397,3.63838
-42.7141,-1.87144
-39.2002,61.7431
32.9264,59.3013
-30.3195,13.951
5.10634,13.7629
-31.9159,39.0842
9.48701,-15.6802
-1.04518,25.2279
22.1833,28.7322
-23.2313,15.3712
-29.5021,25.3872
-47.642,30.393
-27.15,33.3047
-47.0931,-12.6886
-50.0971,27.9573
-30.5003,33.3632
-78.4209,63.8963
-3.87714,40.6443
-39.5257,-47.4957
-48.1326,-14.7829
-17.6163,-31.5288
-0.967277,64.207
-38.1432,15.5555
-45.9595,11.1523
13.913,1.1143
-37.4037,-26.4824
22.9745,38.9702
-66.2596,29.8805
19.1615,3.9955
-21.5056,0.401945
-15.2384,34.2669
21.6159,-9.3139
-55.5171,9.7344
-28.6418,17.954
-36.6326,29.1569
-31.8677,17.6519
-29.5666,0.153324
-81.423,55.9575
-25.6892,17.7412
-58.5355,-13.1737
27.7169,45.1911
26.9876,1.16162
-24.2064,19.5046
-6.97473,72.3373
-9.12893,-7.31005
-95.7061,21.6568
11.8536,-4.56118
-22.5266,28.1643
-81.6295,34.6694
-13.5685,32.9614
-16.5905,13.5165
-5.76757,29.576
37.5408,-2.14561
-32.7152,22.6174
-62.3052,6.84627
-34.717,-14.1693
-70.4421,-21.2544
-2.67691,6.75331
-26.5921,0.29341
-38.2184,-47.9811
-88.1989,-3.22835
-31.7167,5.3514
-37.1658,16.3661
-24.6956,72.5961
-21.9677,18.0471
-21.7434,12.0197
13.0662,-34.2498
-65.5521,-24.3036
-39.3485,27.7995
-82.8986,-29.4677
-54.3214,27.5951
-34.4144,66.8075
-44.3911,54.2128
-28.5053,19.6186
-33.5119,14.8974
-65.089,-1.06399
5.70943,-24.305
-25.578,12.6987
-6.73102,-15.0918
3.77097,82.9106
-23.5897,51.4399
32.2266,8.34861
-84.6569,13.3951
-2.9087,74.1646
-34.3627,19.9793
-31.2729,1.0678
31.2274,-21.8879
-90.2458,6.97498
-7.42123,22.1674
-21.9419,-11.0102
-37.0004,28.612
-30.7916,24.5697
-80.2199,36.2456
-0.266657,6.35931
-15.6435,7.3785
-19.8564,10.2579
-6.2877,28.4746
-7.47497,63.9779
19.6295,59.4611
-36.1247,14.5617
42.361,-3.8106
12.1654,5.95981
-46.5802,9.69303
-30.2248,5.01098
-69.6496,-28.7528
-34.1135,85.1952
2.46849,-21.2448
-17.2018,21.3615
38.6962,30.9475
24.1662,-27.7602
-37.4419,16.7861
-73.2447,45.3433
-20.8202,13.3935
-75.5638,25.8219
10.8757,-43.5055
-3.78479,5.35138
-4.67138,26.0143
-31.5615,25.3407
-25.3394,53.6866
-15.1532,12.1439
-29.1538,-25.701
-20.1842,17.9363
6.64452,53.9062
-39.4563,79.369
-9.01867,-33.9623
-80.6046,22.5697
-9.70941,21.4729
-12.0744,19.5593
45.1794,31.258
-11.9415,20.3556
-20.6467,20.0016
-65.3832,27.6159
-37.6703,16.0227
14.2384,22.4825
-20.5488,20.6176
28.9554,12.9082
-19.3519,34.9986
-15.2836,27.346
-5.7521,-5.89233
-0.0456333,6.52555
-4.2969,-5.27638
-61.7776,-17.7407
-15.4252,6.17279
6.49183,-3.94077
-45.1573,-13.6227
-13.01,17.5337
-74.7971,69.1616
-96.034,30.0259
15.3372,-11.2521
-78.1542,58.7551
27.0718,8.67765
-43.8217,31.2984
-50.5592,17.4958
16.0753,-34.4125
-2.6796,-40.671
9.03752,55.4841
-10.0382,66.8214
-18.7916,1.61873
-24.3913,4.94129
-21.1845,26.4716
-60.5202,12.1266
-6.25132,-4.51504
-47.1236,48.0723
-53.1616,13.0044
44.7721,13.6579
16.1009,-2.90301
-44.8648,71.8277
-24.2043,16.5096
-36.2669,37.6515
-18.8766,-24.0007
-37.5171,-2.20495
-56.3918,-38.9508
-40.3094,27.0126
-27.828,48.6265
-33.8554,42.9847
-26.3649,16.4853
-8.21807,20.6867
-22.7203,80.5725
-8.78612,54.4417
-13.3933,17.1426
-43.0011,-15.836
6.44841,-14.7039
-91.1584,-10.2514
-65.7023,30.5227
-26.2334,14.1863
-65.5972,14.6447
-13.3461,17.9462
-27.0455,3.52057
-38.1977,-14.0998
-22.2595,-32.2978
-74.3931,9.72781
-54.7555,-40.1677
-24.4086,11.8039
-32.9191,-4.22211
-43.5002,15.1237
-16.9214,6.06046
-72.3615,31.0612
-17.5858,31.7954
-18.0307,22.7695
4.84795,63.4557
-24.9223,15.1493
-61.8654,16.8594
-33.2619,-27.6691
-65.5893,-3.12681
-46.2723,85.3244
-34.2587,39.6213
44.5237,-82.0769
61.7726,-28.1362
30.2128,16.2836
-12.7521,44.9544
-34.3657,29.2685
-22.9622,-41.9993
7.34829,-52.2128
-8.01098,2.44169
6.00478,-30.8877
5.22483,-28.7522
-28.0546,-4.25374
16.0423,18.0681
14.8786,-25.6165
28.226,-15.3345
78.4832,-63.913
33.0882,-6.76717
2.68161,-5.7769
23.6939,-46.0799
23.7909,7.26504
18.9659,15.5899
-23.9963,-29.0071
31.3805,-28.535
35.5321,43.8182
74.3269,4.79802
-23.9643,-69.6617
58.0853,25.5913
-18.9458,22.4413
23.7176,-18.3244
57.344,-34.8593
-38.0777,-35.3555
-38.829,-43.1729
57.9259,-81.9984
-30.4955,-56.7512
8.66943,-15.7454
19.2082,-15.6211
46.4143,-3.55986
36.2212,-32.8399
32.1298,33.5777
12.6391,-59.9227
-9.02477,12.5014
22.2549,17.8379
65.9336,-77.6725
59.7334,-25.4218
17.03,-65.9721
5.17297,-40.8123
15.7804,-17.6612
2.43777,-3.45268
44.6003,-74.8325
14.8182,-16.8001
24.3576,39.2971
-12.3235,-9.08725
-16.8195,9.05808
66.8778,11.3562
21.0901,-24.3248
38.2689,-1.21213
22.0737,-21.1953
-17.2408,-82.8258
60.5199,-7.80904
38.2886,-8.68783
-9.95986,-41.3568
10.4443,-75.1288
62.9522,-47.6974
20.0984,-20.6788
24.5397,-14.8028
67.664,13.6738
8.34534,-91.6715
-2.19533,-13.5926
-0.790994,-32.6545
37.2864,-26.5475
-10.3032,-74.4566
-21.2109,-11.303
-17.1547,43.7508
-22.8233,7.92645
22.0506,-22.4446
-18.2537,-18.0383
-9.11139,-81.1002
42.2195,-26.3044
42.9266,-66.9454
-1.43717,-44.2818
41.7908,10.6774
-40.6569,9.31416
33.7571,28.9245
8.92238,-51.1496
85.6285,-42.2136
44.1467,7.50198
-32.7803,0.0891087
-1.70131,-2.75624
-25.1215,13.5353
26.0987,-28.7039
32.4637,29.9993
30.4651,-32.1576
-11.5323,43.6643
79.6998,17.9528
1.66843,11.7462
14.4944,17.0102
1.91852,51.4881
12.8307,-35.6811
3.593,-44.9336
15.6991,-21.1174
78.4527,17.5263
26.7702,-34.7468
62.9319,-66.5323
36.0296,-31.2759
4.36684,-73.2328
-36.4309,-7.03124
52.1486,-67.5158
22.0575,34.0603
34.5457,-2.53499
-29.019,-31.453
11.3949,8.44792
71.4708,-1.0861
73.8701,-51.0986
19.8836,-17.5715
25.2604,-22.8285
25.1439,-15.5913
-0.367849,-69.0252
35.5286,-40.1075
12.6628,-38.6433
5.558,-89.6313
21.8019,19.2039
56.139,18.1376
30.7467,-34.6543
3.98843,-22.9906
16.9786,-16.1575
31.9772,-18.808
17.5932,39.7841
4.6316,26.5207
21.006,14.3641
49.6018,20.5294
32.4017,-11.2006
81.4507,-5.0398
2.02466,-17.4002
-15.7542,-80.6574
47.7645,-33.5395
-7.1338,45.1536
31.5026,-22.816
1.81588,25.8409
35.2236,-12.8612
60.3966,-38.7693
-4.31093,-39.9904
18.159,-49.4473
4.21154,-7.89954
-17.3051,28.0396
18.3491,-15.4572
-15.6719,-19.2383
15.4351,1.2423
-8.37418,-31.7858
11.7976,45.9905
6.63846,-8.0736
23.893,-52.8643
-20.869,-75.3701
32.895,45.4528
71.0034,30.237
10.9383,-60.4702
26.3241,49.9804
30.0938,-19.7919
42.1287,48.7847
18.2208,-18.8491
44.0068,-18.172
55.7298,-50.1943
16.5303,-69.9778
-34.9595,21.6845
19.0197,-19.348
32.5187,-4.64078
-12.8952,-70.5154
75.0708,-50.2606
12.4508,7.89925
-4.10889,-15.8454
69.4406,2.21261
72.7649,-0.715249
-45.7941,-40.6411
87.4556,1.57453
-37.0357,-26.1431
-15.9397,-21.0393
28.1332,-70.0706
10.0446,42.1621
10.2786,-20.2691
0.628793,4.14323
-7.28541,20.7423
-42.5396,-5.69001
-0.883511,-38.3317
8.49395,-1.70396
26.2144,-27.5156
87.3601,-28.9188
20.414,24.8206
13.2596,8.27383
-46.6285,-41.0618
31.4992,-33.312
25.3064,-84.3681
56.1451,13.1453
19.071,-21.6544
36.5845,-92.1031
30.983,39.4979
19.2459,-48.951
-53.0736,-9.19308
15.2419,-32.8581
22.0482,-92.2231
79.6963,-20.8572
-5.82357,-0.337427
48.0159,-8.62917
-34.9921,-34.6955
-34.5137,-27.6881
20.7632,-22.8365
37.7347,-43.0184
70.1689,8.52047
32.4263,-80.3416
42.1594,-49.7307
74.8658,-53.8008
-28.4042,-26.3052
76.8908,-19.2078
-9.50661,-16.689
-43.8358,-6.62892
24.1427,-21.7588
26.2415,-2.79593
17.3943,-13.6058
6.01059,-24.8094
30.1326,8.502
39.4282,-29.8032
79.0994,-23.1103
-10.7817,-88.052
0.586402,-17.6452
-13.6499,-61.3298
-24.9023,34.7808
70.8334,-13.6992
18.5636,-15.3675
18.8026,-22.8538
4.57961,-22.7079
45.0384,-9.91438
28.6858,-33.5923
79.6222,-14.4654
10.9676,-47.7575
10.2603,-36.9586
17.8134,-57.1513
61.7281,-27.5244
64.3523,-76.6195
-2.1813,-11.2896
-13.2349,-8.96628
26.9511,-4.21315
-15.5354,24.6113
52.6243,-30.3186
66.6057,-40.609
36.8659,13.9018
-2.75944,0.413221
68.3242,-47.6784
-12.3465,-73.6358
-29.8346,27.9755
13.9798,-42.0842
29.9821,15.6803
33.1858,-48.7968
-31.4231,-40.6945
-37.306,12.1986
10.3601,37.2233
59.7734,17.3523
-9.76684,-37.6263
6.47381,-26.52
55.07,2.1528
15.0777,-65.003
16.7058,-29.1055
3.71246,-58.0702
-16.6861,15.8974
10.1639,49.1489
32.1405,-15.5478
-37.6681,-37.627
67.7655,-71.1079
50.4312,-43.5566
33.5831,6.5048
20.0297,16.9041
-10.7084,-17.7473
-1.30253,15.4453
27.136,-60.188
64.8837,18.0646
15.5219,11.0311
9.02669,-23.7584
42.671,-1.69704
-11.8576,-58.7435
17.1761,-31.9156
-4.37607,-17.2087
27.3444,-42.0737
34.3139,16.1031
41.5311,-32.6391
21.3598,-52.0523
-2.50717,0.139297
24.2877,-77.0081
32.938,5.59739
93.811,-30.9666
39.5878,-43.0622
52.8735,23.419
41.466,-56.0007
-4.86112,32.4167
-0.82248,-24.3086
21.3878,-21.2905
11.1592,-88.9836
18.3526,-25.2082
36.8678,-48.6028
30.4906,31.8668
76.399,-31.686
15.3722,49.343
-0.671168,-89.2054
18.8684,-23.2383
23.3676,-1.12255
-40.1256,-37.7378
61.0098,-71.2882
31.7184,-24.5274
30.76,-11.313
-39.6659,-63.6336
23.6464,-10.3013
30.7245,-51.1498
24.8779,-74.6758
76.1657,-55.7612
67.2512,-3.72382
-47.7768,-27.5473
-17.8136,-41.2639
86.8973,-25.0347
-20.1312,-63.426
78.5004,-35.7098
-26.2848,-74.1214
46.8927,-41.3731
-39.6399,21.2892
-25.022,32.6014
83.196,-16.1477
-9.94662,-1.55273
68.7457,-17.037
89.273,-6.62744
-22.0445,6.44266
-17.1922,-27.6378
60.0232,-73.207
27.7794,-11.4262
54.0257,34.5665
19.8176,-20.5635
14.7257,-42.0793
66.1569,22.5559
-24.2236,34.04
75.9843,-44.1387
-22.9517,-14.9927
54.3951,46.5096
28.8665,-92.9772
15.8647,34.1666
65.1396,-12.1548
72.0575,27.7622
2.41805,35.0493
32.3768,10.1078
55.7264,-21.9274
15.0845,-13.1346
60.0514,-21.7794
26.0729,-45.723
29.5901,-23.9479
49.6418,-11.2691
61.0134,-20.789
19.7645,-41.5047
13.2447,28.3179
71.9676,8.28254
-3.70398,-55.5289
2.99341,6.59018
37.2366,-78.6503
-7.56711,-38.0603
19.6291,-7.42431
-6.89783,44.1989
-12.0839,-47.4614
1.83565,-35.3422
-10.7557,16.4194
22.7091,-16.7617
81.6877,-57.0635
-38.3683,-43.7604
80.7771,-26.6493
24.875,-87.102
21.062,18.5071
-5.88243,-62.2212
59.4872,40.0523
29.7005,-16.6864
24.0616,7.21416
66.3538,18.0815
6.89218,11.4017
26.6461,-16.9396
-10.465,-54.1516
4.04112,-67.6933
19.9179,-60.4279
33.6522,21.8455
75.8438,-15.7082
1.66547,18.4827
21.129,-44.2726
34.3381,-58.8791
0.859983,27.6146
19.2706,-28.8253
23.2609,18.5024
8.43393,-66.8824
44.8891,5.60719
71.3836,-36.5381
21.1173,-17.3325
28.2569,-21.1574
-29.1616,15.7611
53.561,-28.3828
6.89833,4.41418
16.7901,-21.9109
13.3712,-7.97957
33.0228,-22.7066
90.8727,-41.2364
-47.9041,-41.7946
-36.1868,-28.7305
43.041,-19.994
-19.1762,-12.983
-17.3221,38.1177
35.779,-64.8873
19.522,-18.5595
-25.7307,-70.0194
-14.3249,25.1895
16.197,33.7078
17.7921,-24.0167
13.2062,-73.2982
19.6069,-20.0713
43.5287,-46.4696
70.0498,-58.0145
-49.9971,-4.92078
18.6399,-15.0361
9.1771,-24.5061
46.8559,-10.2743
79.1297,-13.339
30.0474,10.7007
-7.80409,19.4949
37.8199,-15.3679
-14.6744,-0.693681
19.7708,-19.8132
10.5241,-75.7307
38.9455,-52.7982
-35.1694,-37.4501
60.7217,-51.0107
-2.01962,-22.2975
-15.5902,-37.3535
0.122468,-28.3713
47.1531,-23.0794
20.0144,-20.1759
61.7771,24.2923
-35.466,15.3162
16.4601,-85.3499
19.692,-17.3414
85.4687,-23.4831
49.5153,-7.85496
19.5512,-18.9266
-5.08302,-24.8793
-11.8109,-3.81025
-26.2427,-42.5592
29.9542,18.1504
-22.699,40.1001
23.602,-27.5982
31.6309,49.7106
-4.27206,-66.1397
18.5746,-21.0725
77.9574,1.53895
-14.3491,4.27034
14.7214,-29.8113
21.0367,21.2927
21.7469,-58.495
45.9301,-20.6559
8.01701,-27.1698
35.7387,-25.7283
9.43681,-46.9629
8.36686,16.4437
-23.824,18.2865
23.9739,-17.6179
22.2348,-24.8102
9.98076,-10.2052
-25.0414,-10.5499
20.2942,-35.6832
67.5582,21.9849
-43.282,-9.64618
84.7752,-27.9158
-14.4232,-22.0303
22.414,-34.8533
38.4685,38.8771
19.9669,-60.4196
26.7245,11.0149
-16.8384,16.3814
4.18595,-49.0743
4.79298,-56.4286
-32.8202,-71.5245
-1.71638,46.7725
20.0142,-19.9992
-10.5214,-0.990003
18.1426,-12.4145
2.1905,50.1408
24.2517,-89.6303
33.4051,-29.3089
50.6588,16.0337
36.6615,44.1621
15.4793,-26.3118
-8.59502,-7.13319
15.0833,-50.6661
56.6289,-47.8934
37.4673,-65.4875
51.7823,34.7739
21.9662,-15.1744
18.5448,-8.28464
-9.97108,0.735702
87.2634,-28.7954
-23.4253,-45.0702
25.6544,-16.0114
38.5607,-21.1629
41.8554,43.1802
4.4567,-51.9412
-7.80727,20.8985
56.3192,-17.3164
60.982,29.9623
44.2076,-52.8466
54.8075,24.0706
21.8619,-12.3414
38.6607,-66.5233
1.28696,23.4532
81.75,-35.0316
64.0298,-12.6488
19.3804,-20.2062
39.4882,5.42716
-28.7833,2.27666
19.356,-83.8144
24.6763,21.268
-31.8746,10.4534
6.08591,-22.2728
10.2098,-19.4653
-5.07708,-20.2433
17.8406,-14.6696
23.0015,8.28341
15.282,-29.8726
-14.2013,-46.8371
-15.208,-7.18035
-13.4592,18.3201
-7.67994,12.7969
-46.2868,-48.7605
52.1426,-7.93454
17.8689,-25.7277
47.3954,-77.3659
49.9543,-13.8769
25.0397,-12.3722
45.22,-15.4237
-24.0653,38.4198
50.79,48.1065
36.1487,-36.5647
30.7406,-37.4654
27.0022,3.12262
76.8999,-61.9008
23.222,-25.5252
40.6828,-25.3287
52.0213,-33.0071
85.7023,-35.842
18.5703,-20.0631
-13.9443,-3.76378
42.6366,-45.7057
74.4023,-31.894
26.3996,-21.5453
21.9559,-16.5283
25.6505,-25.8135
74.9454,-10.0707
20.9366,-18.6385
59.7703,23.2647
32.9167,-33.4043
54.5863,-60.5846
23.892,-26.1854
24.443,-25.4884
9.11292,-93.1864
-28.2993,15.1136
45.7798,-64.7875
23.2254,-28.0381
22.4961,-30.7042
17.0146,-51.7079
57.929,-1.86679
71.8101,-53.3888
-24.48,-72.3223
-15.5585,14.9631
39.5492,-19.6726
30.9612,-65.1523
67.6458,-30.0979
5.91986,22.1206
0.761347,-9.85017
27.2015,-19.1291
23.6582,-8.34923
-8.52519,-68.1982
-11.6106,-5.04999
12.1074,-15.6129
34.2901,-91.4706
21.5706,-21.3754
21.6788,1.38487
55.3061,14.929
18.5487,-23.2952
-16.2751,-29.9278
-39.2513,-43.3072
17.3857,-29.6154
-7.6974,17.5716
24.2573,-3.18048
19.4029,-19.5142
88.5484,-4.49147
-7.35173,22.7404
14.2842,-12.4624
-25.2645,-29.6694
71.0805,-10.641
28.8554,-59.3159
-37.3426,-64.8368
-25.0952,-71.5273
-12.9607,40.4138
-9.22674,-53.1363
6.40451,-93.2343
54.067,45.946
26.7736,1.63954
-20.9929,-15.4872
21.1645,-52.7957
31.5258,24.6173
64.6905,-22.0127
5.06451,-5.12124
6.63891,-71.1927
-2.48306,-37.302
40.0506,-12.1643
-20.443,-20.0633
21.4406,-16.1511
24.4472,-14.6623
55.2869,-2.0227
38.3102,12.7174
14.2257,-61.8057
68.089,-41.0084
33.1684,-61.567
32.0354,-67.6963
70.5342,-8.24554
6.25179,-33.8518
47.096,36.9683
21.2364,-22.2549
34.9613,-92.2358
-51.683,-22.9893
15.7048,-19.2099
79.5011,-6.10852
13.9934,-22.7637
-42.8035,-16.6813
19.4515,16.8416
13.1428,-9.00079
-44.9229,-52.7742
-8.63662,-64.5499
87.3222,7.94318
22.1799,-24.6296
-1.52887,-13.9119
17.2567,-23.0848
14.2773,-35.3881
1.46453,-66.8888
-15.3853,-61.9823
23.4852,-22.4516
78.5118,26.9008
24.3246,18.2905
-45.4347,4.62923
31.5798,-20.3365
-39.9847,15.4562
37.1773,-37.9975
-3.39894,-14.4068
10.167,-39.4554
-3.80967,-27.8073
53.9063,-71.4572
70.1621,20.8054
21.3489,-19.6391
6.81636,15.1647
45.5832,-47.637
33.9593,-26.6042
71.6525,-49.709
-8.33745,-9.43459
23.2908,-28.7876
39.264,-5.43929
-32.9784,-32.1513
6.46276,-48.6344
30.1565,35.6599
40.6283,41.8786
26.2474,-80.9185
9.21895,-19.2262
15.1708,-88.0259
-1.46854,-59.6778
12.9272,-53.7871
-5.70362,-33.9304
12.7036,-27.4245
10.9512,-63.9272
22.6591,7.37093
31.2104,2.03998
13.5815,39.6709
-1.34307,25.0905
21.576,15.1046
29.0785,-2.029
43.6927,38.8511
45.2872,-62.5265
-0.460962,-65.5122
28.3913,-64.4926
14.5412,27.8217
39.5776,-77.9831
12.5655,-52.6223
21.7215,-92.4604
20.8715,1.94255
-47.3425,-51.0261
19.9058,-14.776
51.8408,-1.91563
34.218,-85.859
18.4918,-17.8303
31.6863,-18.5858
78.2048,-20.7472
-36.0082,23.6802
-19.5058,-74.9679
-3.70636,-12.2069
14.367,-26.6854
10.1334,17.1193
-3.6878,-41.6639
-2.35246,-88.7431
56.9832,8.56349
-7.49414,5.03801
31.1933,-33.78
58.3969,-51.2539
19.2081,-65.2484
38.3513,-79.8447
-14.7396,9.02568
41.5854,-46.2145
18.198,34.3093
55.7375,-46.3544
-14.3948,-6.62758
21.3009,-16.6894
24.1372,-29.7785
25.9198,45.4738
56.8199,-50.3408
42.1368,-28.9121
-0.507587,-33.3533
-29.1569,25.104
-21.8382,18.9923
25.3149,-10.7569
39.5724,0.00103207
17.58,7.11798
60.4486,19.4474
53.8444,-39.5064
-2.25166,-5.85956
10.2236,-27.6122
25.9883,-3.20586
7.28705,2.19906
-40.3862,-12.4308
-52.488,-22.2238
-37.5708,-27.6905
46.9705,-23.3722
13.5495,8.75765
10.948,-26.0535
18.552,-17.2705
60.5973,-45.7057
5.97782,-17.7901
24.0916,-4.22896
22.2785,-22.7123
-9.25588,-4.67979
45.6851,41.2029
4.15374,-20.6346
8.97402,-13.0411
4.12158,51.0258
-7.19357,-32.965
-2.46577,-31.6463
16.1334,-17.5736
19.9855,-19.6348
28.5166,-24.106
43.8406,-41.6482
46.1758,-36.5401
17.1713,-27.151
7.88789,-4.76417
47.3007,-12.7487
-24.4325,-22.0906
15.0007,4.28316
34.7349,-35.8232
52.2197,9.82727
22.6103,-73.9304
-50.8931,-16.8802
47.2509,27.4794
-8.03814,-45.6321
15.9898,-34.979
22.0084,-35.9229
-10.9912,-35.1643
3.1936,-18.1681
28.7819,-65.0371
19.6335,-2.05029
87.3545,-0.512943
2.97014,47.8251
-45.3779,-2.46483
-11.411,-27.8239
50.899,-46.791
64.0873,-3.62345
55.6703,-41.5662
10.3956,-53.2568
38.7926,-23.4322
21.708,-20.8238
16.1335,-19.0615
-21.0684,25.6579
16.7317,-24.1005
41.5557,-18.6848
3.13395,23.7932
53.9922,-42.0604
-5.67769,-25.0818
11.4484,-22.0899
35.3778,-36.267
87.3986,-20.1414
-2.13546,-27.8921
4.73509,-27.3061
18.6814,-39.3457
-28.9591,-31.6521
16.6902,51.3258
30.5145,-20.282
6.55836,-16.2034
37.7157,-4.79361
-14.3631,-82.6113
-13.8239,-5.04642
15.4835,6.14851
15.8481,-18.2706
44.5545,-11.5579
46.0012,-68.9046
64.0398,-66.8573
20.7921,-20.3826
40.2935,47.1098
29.7256,-77.9749
30.005,9.11618
6.98244,-1.26047
86.6112,-0.904991
55.4717,36.96
20.536,-16.9551
1.62058,9.79362
-29.6951,-47.3437
18.7066,-21.1919
-0.312863,5.14233
55.0027,-48.7507
66.288,-64.1273
-10.9714,-25.1832
-25.2797,-21.8984
-45.7647,-24.3444
38.1903,17.3977
29.2358,-20.9163
9.6771,-55.6254
30.2527,-13.8801
26.5888,-58.2314
-8.99085,-51.6952
17.0215,-22.0168
12.9934,-7.72004
74.8762,-47.0523
94.334,-28.7328
45.8506,-46.8997
81.0173,-25.7565
20.3087,-10.155
13.9694,-16.8355
24.822,-12.7654
36.6301,-32.8662
53.6451,21.2762
-35.4093,-13.9345
45.2599,-4.15595
25.0545,-21.4602
6.05716,-55.8317
48.1167,-16.5399
5.18699,-87.4464
5.66404,4.88004
-13.5407,-26.0486
48.0939,-65.5286
8.4022,-27.5161
17.6497,-5.20974
-22.0847,-68.9567
-18.0343,0.830027
51.7915,-69.8601
7.84355,13.9748
43.0134,5.15442
22.1723,-38.966
21.7276,-23.0167
-1.50413,-31.6908
24.9698,-21.8879
5.49761,-88.9029
47.8464,-47.8323
36.6248,-31.968
4.28011,-63.6339
36.8598,-2.2226
31.0004,-10.1414
28.8747,-22.054
-1.48138,-47.1992
21.5759,-16.8675
-16.0114,-48.4702
84.8879,-48.7903
12.0162,-22.78
-12.3859,18.7484
49.7948,-42.5375
43.6646,-69.2188
2.53966,-25.9591
23.5623,-24.4261
49.2003,-32.009
-23.6065,31.8522
49.4898,-11.5551
8.6655,-43.4117
10.5545,-27.5336
35.5351,19.656
50.4363,-41.9345
39.0765,-37.2533
34.3294,-50.9775
10.6102,-66.7801
-8.92421,-25.8142
-14.72,-34.8249
71.8088,-19.2586
-14.7722,0.0625592
-19.6081,1.10621
-10.9656,6.94718
53.1752,-6.58687
-38.9503,3.58894
11.7838,-76.9022
-13.5663,19.0466
-25.9947,34.3769
76.2967,-51.4946
36.1484,-27.1426
69.6877,-40.1761
22.4149,-18.887
1.79681,-9.70891
29.245,-15.923
57.5699,-42.3168
3.03846,-57.1848
20.2047,-29.8278
28.59,-15.6502
22.3824,-52.8436
-8.00835,15.2182
14.0228,-24.7075
-31.032,21.7901
29.3751,-32.2607
29.7363,-29.4044
-4.14045,-76.9274
11.6655,-30.0581
-52.5505,-8.75087
39.1163,-14.0362
23.2327,-32.5583
58.6472,-11.6976
32.3901,-41.6659
5.13085,-27.9136
29.6732,-66.729
47.1606,33.795
39.0091,43.3294
7.64155,50.4165
-11.9442,-61.3031
90.684,1.97794
0.359976,22.117
48.1982,-41.751
88.8392,-48.7535
53.7579,-9.12628
0.100456,-35.676
3.11959,12.5021
-51.0818,-15.2369
72.0737,-49.9432
23.6096,-39.0631
12.2686,-22.2479
-12.6749,-19.8671
3.82729,-76.643
36.6824,-7.36157
28.9112,-23.9597
52.9009,-82.1789
78.7883,18.8402
43.0284,-3.83968
15.3581,-16.76
-26.9298,-63.9931
4.16165,-68.3432
19.4431,-17.3335
61.5123,-73.0421
-21.546,38.4908
25.9475,-56.9577
38.754,13.6749
-10.3831,1.98675
42.7564,0.772096
5.84865,33.5508
3.48581,-21.7129
18.0551,-14.541
-22.256,6.27749
5.021,-50.9949
-13.89,15.7006
-18.1286,37.9152
27.8765,18.2734
-10.8472,20.7909
19.0386,-2.44645
4.58578,-7.7778
34.7497,-12.049
82.5629,-5.56878
8.13661,42.6556
63.9607,-33.4484
83.5751,-13.3014
-43.7573,-3.96499
-24.2141,-28.6455
92.6469,-36.2735
47.9134,-47.8561
11.3966,25.7666
-34.552,-42.5841
44.9668,46.9669
46.8807,1.04849
30.9209,-27.953
4.65374,-28.4408
-44.3925,-46.3258
62.0635,14.3801
70.483,2.31492
-29.3966,-21.9707
61.3656,-35.2125
29.2398,-20.6833
59.2925,19.4796
-12.0053,-68.0556
27.446,-20.7457
21.3394,-18.6732
17.1141,-15.7732
38.4388,2.22026
22.2309,-73.4628
27.0098,-30.8305
20.1051,51.0118
2.74658,52.9713
13.1254,22.648
2.49153,-5.04522
8.0638,-44.0933
17.1621,-12.5397
17.1262,-17.1219
-31.2457,-51.1234
52.16,-38.937
20.18,4.35087
