-85.4427,-15.2953,1
23.6233,-4.37951,0
-59.433,-14.9371,1
-9.36602,-9.98041,1
-47.6304,49.8235,1
44.4691,14.2866,0
-44.5295,59.4862,1
-30.7044,-24.3682,1
14.0609,73.341,1
4.55375,2.62077,0
-54.3307,27.0161,1
-24.0875,18.8358,1
-59.3216,35.1799,1
-13.6929,27.5524,1
-22.9655,9.41996,1
9.32891,37.7427,1
-17.6381,36.9925,1
4.19938,19.915,1
-26.7839,87.5165,1
-22.7523,14.0992,1
-22.0939,-8.15716,1
-81.2912,14.2702,1
-24.231,17.1732,1
13.2262,4.90167,0
-33.7488,-18.0118,1
-25.4131,-47.6563,0
18.8431,60.3003,1
-26.345,72.0071,1
-56.6567,-3.79282,1
-30.7755,58.0941,1
15.7408,-40.031,0
-73.8129,-20.9738,1
3.50387,16.6337,1
16.3704,-42.2796,0
-20.7278,20.2611,1
-23.4438,30.3817,1
33.2812,39.6585,0
-7.13451,73.051,1
-1.05588,-27.8822,0
4.21574,-23.6514,0
-58.2561,-19.2986,1
-51.3998,1.31316,1
-36.7128,-51.586,0
28.1022,34.6363,0
-23.9382,19.9771,1
-57.8786,-2.81344,1
-71.3351,15.6159,1
-69.434,-0.67777,1
28.1273,62.8109,1
-25.9218,8.93047,1
-54.9784,-33.224,1
-38.0505,5.51538,1
-51.4425,76.6027,1
0.0620436,38.1226,1
-54.6926,34.1926,1
-32.0739,-24.6539,1
-42.4566,14.1913,1
7.43053,20.141,1
-42.8499,-12.3541,1
-54.1549,0.893325,1
-27.5325,-14.9597,1
-69.6223,16.9137,1
-22.216,53.2442,1
-0.538153,47.5755,1
7.91256,31.9723,1
-25.4481,-12.4864,1
-38.0047,-1.85449,1
2.239,-32.6296,0
-23.1452,19.299,1
-21.2084,17.2475,1
-24.2907,13.7262,1
-33.0446,27.5341,1
-0.824969,-39.3868,0
-15.6393,19.0847,1
-24.2764,15.6102,1
-81.3685,-16.8286,1
-29.0881,13.6738,1
-20.7397,16.759,1
10.5222,9.0868,0
-70.7708,56.92,1
-36.4173,73.6908,1
-61.6158,70.3635,1
37.6179,21.2139,0
-37.268,11.4168,1
-75.4173,56.2301,1
-69.9407,27.9572,1
5.04489,52.649,1
-48.9893,5.9016,1
-12.3495,26.4585,1
46.5096,-1.81631,0
-52.8184,-14.8328,1
5.42162,48.7738,1
-23.8538,18.1186,1
-39.516,-44.5154,1
-70.9619,-44.2043,1
-81.9371,-11.7711,1
20.8459,-20.4562,0
3.51912,2.97296,0
-6.33601,31.2644,1
-90.0919,9.15634,1
-34.7113,13.5054,1
-92.234,45.5054,1
42.1098,-0.759521,0
-76.7408,11.8504,1
-1.45882,-32.7978,0
-21.9852,20.9494,1
10.1909,10.774,0
17.1046,52.5591,1
-1.59827,34.7884,1
-19.406,6.03316,1
15.8041,-0.218959,0
9.70856,-0.776215,0
-38.9797,-23.1914,1
-22.2844,9.33205,1
23.7973,63.0514,1
-26.6913,1.41916,1
-4.27425,3.25381,1
-29.2871,13.3296,1
26.2855,-5.05488,0
-43.9297,2.70847,1
-32.3673,11.6763,1
9.44328,0.803957,0
-48.5406,-11.8827,1
-75.22,32.4935,1
-71.7111,3.14662,1
30.1259,-10.3077,0
-48.6152,42.9323,1
-18.0818,31.1097,1
-9.406,-35.6021,0
-23.399,46.7933,1
25.6579,68.9117,1
-41.5182,-4.24602,1
-44.1279,51.6014,1
-59.7326,-1.91325,1
-75.9739,8.31088,1
30.4627,-12.5835,0
-26.5702,-49.2163,0
-5.29385,20.7655,1
27.6287,22.7395,0
-71.5369,43.7943,1
13.6383,-17.4046,0
-10.7639,-12.8842,1
-28.4833,6.71195,1
-80.7961,-17.8142,1
-40.2079,31.7717,1
-23.3958,45.1268,1
-22.7425,14.2041,1
-42.9659,-10.7087,1
-12.5239,-21.2694,0
-72.0182,2.79983,1
-6.58455,-2.13674,1
-30.3359,1.74658,1
12.0682,69.1391,1
6.0251,38.1012,1
-27.8444,17.231,1
-43.5305,-20.9238,1
-31.2595,53.8552,1
-4.12357,26.3959,1
-26.8517,78.6726,1
18.1278,48.7082,1
-75.8836,-32.645,1
24.304,-21.2778,0
-36.1704,28.5683,1
2.16899,32.021,1
-50.4797,53.5219,1
-23.6636,42.4517,1
-14.7446,33.0011,1
8.0183,58.1715,1
-32.2285,19.1769,1
-47.8187,78.0365,1
-34.889,15.0446,1
-48.5253,-26.9171,1
4.37521,-47.0557,0
-70.2527,63.0361,1
-35.908,2.15145,1
-25.9138,-21.2492,1
-72.0804,50.3035,1
-24.3248,14.4586,1
-17.0427,18.81,1
-27.4663,17.4572,1
-46.7338,41.1432,1
-43.475,29.9902,1
21.021,15.9435,0
14.279,41.5503,1
8.91509,4.67726,0
11.9988,14.5843,1
-66.8211,29.6704,1
-7.7819,25.9881,1
-53.4313,17.3949,1
3.27886,24.0916,1
5.21138,53.9575,1
-54.9634,32.1584,1
-74.6825,16.6796,1
5.13505,71.7133,1
-22.4413,47.9565,1
33.5055,39.7851,0
7.42656,27.0861,1
-48.1818,-2.48626,1
-84.3495,54.8866,1
-52.3897,16.6437,1
36.9098,9.79689,0
-17.3373,10.2243,1
-2.19181,-28.8439,0
-56.8441,7.93735,1
-35.1218,32.419,1
-33.5373,20.6645,1
24.4237,33.5678,1
-60.5881,-21.3314,1
4.25781,35.2154,1
-3.13917,-55.6838,0
-91.5517,-5.25139,1
-27.9759,31.1743,1
-65.3515,5.17425,1
-16.5522,26.9148,1
6.4251,22.5428,1
-5.24864,26.3656,1
5.66259,56.1103,1
2.538,35.208,1
-44.0829,26.4571,1
2.85736,19.1125,1
3.71419,7.08849,1
-79.8748,9.94036,1
-5.24963,6.60335,1
-27.9996,17.9427,1
-56.6471,60.5907,1
-25.58,14.4985,1
-35.2232,12.1149,1
-14.3094,43.5287,1
-27.9259,-55.2196,0
-26.5454,14.5019,1
-22.0881,39.2979,1
-22.6529,10.2785,1
-31.5159,13.6575,1
-25.3844,12.9845,1
-33.8038,65.549,1
21.2529,-19.4488,0
-27.0663,7.57421,1
15.5938,-22.8914,0
-21.9527,-0.247846,1
-48.6762,-28.5038,1
-19.7749,-37.874,0
6.10658,5.03885,0
-18.975,-37.2481,0
-21.3181,85.9526,1
-26.047,13.1232,1
-59.4009,-24.2841,1
-27.1519,18.7767,1
-17.1553,54.8406,1
-33.7697,17.4543,1
-22.6876,38.4564,1
-27.6122,34.9374,1
2.22902,-46.8205,0
-28.0091,8.55318,1
-37.8785,-42.202,1
-55.4481,8.59601,1
-49.6869,38.6777,1
27.2585,56.1978,1
3.5588,13.1344,1
-27.04,21.9712,1
-8.14539,16.4695,1
1.53216,40.545,1
-16.613,-9.0335,1
11.8183,7.40317,0
-40.8304,59.4211,1
-48.8574,-21.997,1
-51.0902,-54.762,1
-29.1614,29.9152,1
-47.2446,-34.275,1
-49.0907,71.5592,1
3.58244,15.9223,1
-13.3574,47.2567,1
-24.943,23.2298,1
3.29802,-51.3468,0
-22.7444,25.682,1
-32.8914,14.979,1
-80.7491,39.9266,1
-24.7282,12.6546,1
-79.3362,43.7203,1
-42.2121,-30.8256,1
-24.1936,61.4318,1
-24.2905,-4.84899,1
-17.7588,32.6708,1
-36.0667,8.30663,1
-91.0629,48.8196,1
-25.3959,37.138,1
-24.9354,-24.6768,1
-22.1701,7.12548,1
-20.1592,-11.8248,1
-31.1391,-16.6722,1
-72.7734,-40.0201,1
-17.4579,-3.58373,1
-27.8969,24.0521,1
36.0762,-22.0877,0
-24.9207,15.3954,1
10.0964,55.1816,1
-26.0454,77.3968,1
-39.0079,-54.9503,0
-10.2636,84.8851,1
-27.6929,-49.6476,0
26.9038,-27.816,0
-6.13549,-49.1141,0
31.0308,40.6213,1
7.95992,-27.5987,0
-33.8082,-36.2023,1
-38.9758,15.1946,1
-83.4891,33.665,1
-42.9972,41.6834,1
-64.3691,22.5778,1
-68.1689,62.2953,1
-61.9257,9.06631,1
-59.7722,-16.3724,1
-60.4051,-41.5709,1
-28.0436,2.17485,1
-25.7462,21.5142,1
-47.0713,17.7006,1
-38.9072,57.7596,1
-33.7512,-19.233,1
-55.2187,0.987256,1
-91.7675,24.8688,1
-24.2927,-0.635125,1
9.97953,61.3978,1
-14.3715,62.7328,1
-17.6798,7.68443,1
-25.9746,17.2389,1
29.3581,15.4069,0
39.7998,-1.84775,0
33.2032,17.298,0
2.70735,0.891161,0
-16.5927,34.1509,1
10.457,43.875,1
-40.1483,-18.7769,1
-33.2585,-20.6391,1
-14.3595,-34.8264,0
32.8659,-6.19069,0
18.7602,31.0401,1
-68.3829,11.4726,1
-48.0919,-11.8105,1
-68.5318,-34.8791,1
-18.4846,4.46348,1
-25.9255,24.7862,1
-58.1711,53.6471,1
-14.9281,2.34807,1
-32.3524,-23.6092,1
21.6435,-14.3744,0
-34.7024,34.745,1
-9.24405,-27.1063,0
-61.7219,-27.2843,1
-15.456,35.5509,1
-41.4386,34.7564,1
-79.3271,42.743,1
7.41515,27.0304,1
-24.9534,15.0661,1
-26.7849,12.5597,1
31.8593,-31.585,0
-5.20261,8.5299,1
-14.1653,-17.246,1
-12.1195,12.6689,1
-18.0001,39.8824,1
-23.3824,30.2095,1
-18.5374,-27.3928,0
-9.64122,35.2836,1
-8.45982,-38.4596,0
-15.7412,6.6337,1
-34.9899,-50.862,0
-65.1368,60.2993,1
-5.69306,9.02148,1
11.7928,-22.3226,0
-44.0772,52.3705,1
-18.3168,39.0605,1
-37.208,41.9004,1
4.31945,13.9268,1
-10.3642,53.0066,1
-24.3145,14.1533,1
-58.3546,-3.37428,1
-25.1484,14.0482,1
-20.6802,19.5748,1
46.1604,37.0277,0
-75.7353,22.8438,1
-3.54717,0.00935577,1
-74.1068,71.5178,1
-26.9057,-5.82494,1
-19.3133,6.68327,1
-32.8495,-16.6872,1
-64.163,42.2058,1
-27.9949,15.6983,1
-53.6512,-5.59668,1
-95.7641,-7.73408,1
-20.8751,-28.9985,0
-19.1424,22.0293,1
5.40197,79.4966,1
-43.3241,21.5995,1
-45.7736,50.0368,1
-2.6812,30.1314,1
4.70844,8.9384,1
-78.8079,-35.534,1
19.5679,-42.7573,0
-20.082,73.0144,1
20.8408,61.6936,1
-5.41964,29.3414,1
-25.3984,17.726,1
-84.7162,20.4104,1
-6.49087,-28.7804,0
-81.4247,-23.5852,1
-21.2662,22.1918,1
-50.676,-14.144,1
-17.295,36.887,1
-73.3354,56.5381,1
-53.988,-12.6944,1
-32.7298,15.1324,1
-18.1164,-5.37383,1
-60.6005,-39.2884,1
-77.6125,66.8574,1
-28.3327,5.12796,1
21.0036,52.8642,1
-24.0115,26.763,1
6.92161,-7.35133,0
-56.9542,-12.3176,1
25.1203,36.649,1
-43.4622,-18.6219,1
-53.1196,-4.52082,1
46.061,37.6016,0
-16.5727,30.5808,1
-42.6475,9.25621,1
30.3277,10.0809,0
-74.7057,66.5941,1
-24.9392,7.02372,1
-4.68832,30.0926,1
-49.4782,32.4704,1
-26.8874,39.6015,1
0.879448,16.8473,1
-24.5695,-0.985323,1
-18.925,-15.7684,1
-24.8981,16.5773,1
-25.7068,36.3476,1
-28.4767,16.4458,1
-17.1956,-37.9864,0
-69.9146,-17.25,1
-55.9093,-34.4067,1
-40.8254,46.6549,1
-24.0074,15.4319,1
-93.8984,8.57633,1
-79.7548,35.2791,1
-71.9853,49.6814,1
-32.856,14.2162,1
-22.6739,16.2007,1
-12.4134,-4.16037,1
-47.4939,66.5118,1
-1.03281,-8.28682,0
-24.2948,13.6223,1
-40.8679,-7.18988,1
24.8194,-10.4882,0
-23.0606,13.059,1
-19.81,6.41833,1
31.5423,58.6418,1
-7.61039,19.3404,1
-29.7968,16.4745,1
-57.9879,12.7437,1
-39.9647,-4.31696,1
-45.1136,-9.86732,1
-5.77716,39.1318,1
-37.6737,27.8713,1
-36.6862,47.2304,1
46.3719,29.8999,0
-40.624,-24.8506,1
-35.0678,8.06487,1
-45.7767,-8.0944,1
-31.5081,20.0078,1
-33.0534,77.8023,1
-28.8369,30.4668,1
-21.5593,-13.8119,1
-29.9625,14.8797,1
-81.4115,55.8242,1
-3.52146,0.0164514,1
-80.6543,16.1305,1
-42.3918,34.0794,1
-25.6357,17.2233,1
-62.2613,18.9188,1
-11.2242,35.4872,1
-12.0037,31.3644,1
-63.7226,57.7266,1
-39.9734,-21.2356,1
-21.6342,15.8119,1
-40.5592,29.1581,1
-22.9446,17.0603,1
28.5708,41.1247,1
-82.1616,55.2023,1
-45.6543,43.0703,1
-33.7794,17.7764,1
-8.45292,55.1105,1
-37.6953,-39.8044,1
-58.25,-45.1064,1
-32.6719,10.5868,1
-39.5268,-0.0437414,1
-7.13894,8.09248,1
-31.8847,17.7457,1
-40.5547,1.29247,1
-21.0714,19.5285,1
-37.265,-23.9267,1
-56.6365,-6.24226,1
-84.2411,18.6819,1
26.0632,-31.3325,0
-20.1476,82.6978,1
-32.9148,-25.6104,1
37.953,-13.354,0
-0.777022,32.9078,1
-25.0798,22.0121,1
27.6873,9.29664,0
-36.0407,14.941,1
22.5494,36.3775,1
-70.5236,47.4704,1
-56.0528,-17.0255,1
-16.5717,15.5045,1
15.024,7.84242,0
-14.1688,32.4736,1
-24.9588,14.9756,1
-71.9562,72.7525,1
-8.29527,-3.35713,1
-11.7361,3.44464,1
-32.0243,25.2665,1
-90.5273,11.8411,1
-74.8084,35.426,1
-13.0961,34.3814,1
-68.8894,24.5356,1
-58.4766,30.8877,1
-50.4685,57.1254,1
-65.9367,77.0718,1
13.0731,28.0948,1
-66.7395,11.2354,1
-72.7081,19.8724,1
4.63654,43.433,1
-48.8936,32.1214,1
-40.1998,-17.9353,1
-23.8286,21.4497,1
-90.6587,-2.48686,1
-31.9578,78.4365,1
12.7248,-8.40723,0
-71.2006,1.71773,1
-18.6461,24.9556,1
-2.31678,22.8927,1
-77.5263,17.0894,1
-2.36498,41.6503,1
34.0494,23.9729,0
2.90681,16.9561,1
21.162,-25.3185,0
-12.4686,24.8564,1
-44.1506,-24.5995,1
-42.9693,-29.0198,1
21.5096,34.9035,1
-25.1228,24.9737,1
20.7772,62.6899,1
-17.9658,1.69924,1
-8.99023,17.4707,1
-61.0066,4.57651,1
-19.2517,37.6813,1
-26.4972,9.19849,1
-42.8205,56.2827,1
-27.7657,18.6032,1
-62.1537,52.5375,1
-63.8581,-11.8615,1
-88.4185,51.2939,1
-86.352,31.9036,1
-32.2358,7.36892,1
-3.23536,22.5599,1
-94.0697,14.4426,1
-3.26045,16.6697,1
-12.6847,5.71162,1
-30.1613,67.1142,1
-51.4135,-26.2317,1
-6.23698,17.267,1
-11.1753,34.4868,1
-13.9967,-38.5444,0
-9.76649,7.75751,1
16.6598,-3.63302,0
-82.0091,56.5348,1
-26.6978,-7.49591,1
-42.9397,-2.33653,1
-27.7099,14.9488,1
-7.54992,-51.5855,0
-48.0345,-44.6089,1
-56.2089,35.1726,1
-68.3173,6.24186,1
3.58058,6.09375,1
10.4059,-16.5674,0
15.1079,12.0162,0
-67.6946,71.8783,1
-28.2457,-3.00769,1
-70.8698,-12.476,1
-26.7938,-16.1773,1
-17.2571,23.5459,1
-15.1807,48.1433,1
-70.8306,-20.2416,1
-33.1667,84.1568,1
-28.16,-36.4867,1
38.5849,21.2049,0
-6.0956,20.3352,1
-39.5266,43.0513,1
-31.3875,14.3082,1
1.90141,39.1564,1
-20.1532,20.2243,1
-0.455505,13.9461,1
-69.8153,-31.3265,1
-55.1218,-21.1292,1
-32.8567,21.7401,1
19.5792,-44.6176,0
-16.127,7.46649,1
-22.5202,-56.3795,0
-1.18138,19.4984,1
-26.111,16.0983,1
-36.299,-21.113,1
-12.6057,10.8007,1
-32.4143,6.24978,1
-7.81404,24.2063,1
-39.4217,38.6548,1
13.095,16.0822,1
-41.6391,-17.6767,1
-49.2099,-9.133,1
22.9226,38.3849,1
-70.159,-23.578,1
-73.9137,-6.69027,1
24.7333,39.303,1
-62.951,76.004,1
-2.3716,12.2908,1
-22.3016,10.2685,1
-73.1506,-14.2135,1
18.2909,19.4087,0
-31.2943,27.1998,1
-12.6039,-4.47729,1
-20.9197,-54.0685,0
-23.9483,50.3536,1
-35.6995,56.0292,1
-58.8696,8.75293,1
-22.6997,23.6452,1
-3.62771,72.076,1
-6.71797,-22.9909,0
-32.2083,41.9601,1
-22.5151,3.44114,1
48.241,13.8416,0
-22.3569,6.58837,1
-29.8739,-44.3108,0
-50.1885,22.2995,1
-11.4065,7.04937,1
-30.5703,20.2187,1
-1.2329,42.4579,1
-10.6708,-31.4365,0
-22.9208,-1.40841,1
-53.8633,4.42022,1
-17.9081,-17.65,1
-63.9463,-30.1885,1
-55.2968,63.5517,1
-26.9591,21.8301,1
-56.1513,-0.00532009,1
-31.3535,6.82797,1
-99.8569,17.3996,1
26.9933,-23.655,0
-22.7535,-33.8203,0
-43.3227,-10.772,1
4.14595,-15.1064,0
-8.03122,-27.7435,0
-24.7171,15.1887,1
-18.1097,28.0424,1
-4.50683,12.7195,1
-86.0945,-9.95189,1
-25.8757,62.9706,1
-33.9544,17.2049,1
-55.009,39.5227,1
-23.996,11.5076,1
-9.05027,87.2912,1
-32.8467,-42.0364,1
-41.2891,-13.8649,1
-5.03194,54.5332,1
-83.5134,42.9301,1
21.239,3.45151,0
-66.6744,-3.1082,1
31.6644,24.7305,0
-30.5621,75.3064,1
-10.8468,67.9195,1
-55.7083,71.6637,1
-43.7837,11.1347,1
6.1837,41.1822,1
9.42508,64.8924,1
-45.1931,17.5146,1
-86.2933,43.9464,1
-32.3012,9.98407,1
31.7287,29.1823,0
-29.1739,-49.4079,0
-36.5016,-4.15475,1
18.5889,-21.9933,0
44.7799,11.981,0
-7.8554,1.80549,1
36.8435,11.4219,0
-9.55049,20.6998,1
-5.81647,30.3653,1
-17.842,20.697,1
-55.3392,47.4524,1
-20.4401,20.5251,1
40.8849,-9.12104,0
-39.3121,-3.70018,1
-51.4189,22.8866,1
-25.0679,44.9276,1
-31.9845,12.7039,1
12.1612,-30.394,0
-11.9423,19.6364,1
-52.8983,40.6715,1
-29.5114,59.8874,1
-56.1679,16.4873,1
-65.2253,21.1931,1
-65.9818,46.8827,1
14.6972,-9.24829,0
-15.063,14.9371,1
13.6426,-17.2732,0
4.45654,37.3954,1
-23.4165,14.5973,1
-49.3235,27.9496,1
-34.5327,29.3205,1
-17.801,-59.4418,0
-38.9597,39.8096,1
-86.3861,21.0059,1
9.18145,-49.8111,0
-27.0729,11.906,1
-2.22107,34.8592,1
-39.1904,74.7036,1
-45.4301,13.3245,1
30.9259,16.2618,0
20.5663,45.6021,1
3.06375,4.06866,1
-20.8267,14.419,1
-25.9228,79.5992,1
-17.3435,-4.82807,1
41.9269,9.06158,0
-1.96677,35.9312,1
-17.9145,-2.89408,1
-53.9244,9.80355,1
-32.8781,54.3211,1
-61.8832,8.49496,1
1.64516,69.4766,1
36.5337,-2.5731,0
-7.711,50.9389,1
10.7948,75.3333,1
-43.7734,60.4417,1
1.3246,4.82001,1
-8.98984,1.43394,1
20.7012,28.9294,1
-17.451,12.3923,1
-35.1066,46.6609,1
11.1457,63.5485,1
-43.9656,43.1078,1
-9.6768,-10.498,1
-18.2023,65.8226,1
-14.2922,8.65872,1
-16.4111,46.1956,1
-96.6507,28.3464,1
48.5017,3.32712,0
-45.1781,44.1112,1
-39.8006,69.5719,1
-37.878,29.9506,1
-8.66954,15.6959,1
-84.232,16.5256,1
1.77486,2.73319,1
-48.6732,40.4823,1
-63.5558,18.0083,1
37.3995,34.0419,0
28.8122,63.0708,1
-52.5572,38.7314,1
-4.89155,6.4605,1
-26.7906,17.4699,1
-32.7622,-11.5294,1
-26.285,14.4201,1
-23.8685,-19.1117,1
27.1746,10.4705,0
-71.578,23.0274,1
-41.8534,2.02171,1
-34.7984,27.6014,1
-22.3087,21.3501,1
-24.769,14.8643,1
-86.6228,26.4322,1
28.7769,-17.9958,0
-24.8806,14.926,1
-23.0523,-25.8106,1
3.95967,-5.52698,0
-26.6063,22.7782,1
-50.7013,0.371578,1
-24.0456,0.666642,1
-30.578,3.60257,1
-24.0589,15.8487,1
-49.2262,-47.1265,1
-9.95489,30.9857,1
-5.73374,84.1944,1
15.5642,-16.9536,0
-22.3923,13.6683,1
-50.3114,34.3292,1
-6.81378,-56.0251,0
18.7036,56.9058,1
32.5514,29.7004,0
42.1397,3.63838,0
-42.7141,-1.87144,1
-39.2002,61.7431,1
32.9264,59.3013,1
-30.3195,13.951,1
5.10634,13.7629,1
-31.9159,39.0842,1
9.48701,-15.6802,0
-1.04518,25.2279,1
22.1833,28.7322,1
-23.2313,15.3712,1
-29.5021,25.3872,1
-47.642,30.393,1
-27.15,33.3047,1
-47.0931,-12.6886,1
-50.0971,27.9573,1
-30.5003,33.3632,1
-78.4209,63.8963,1
-3.87714,40.6443,1
-39.5257,-47.4957,1
-48.1326,-14.7829,1
-17.6163,-31.5288,0
-0.967277,64.207,1
-38.1432,15.5555,1
-45.9595,11.1523,1
13.913,1.1143,0
-37.4037,-26.4824,1
22.9745,38.9702,1
-66.2596,29.8805,1
19.1615,3.9955,0
-21.5056,0.401945,1
-15.2384,34.2669,1
21.6159,-9.3139,0
-55.5171,9.7344,1
-28.6418,17.954,1
-36.6326,29.1569,1
-31.8677,17.6519,1
-29.5666,0.153324,1
-81.423,55.9575,1
-25.6892,17.7412,1
-58.5355,-13.1737,1
27.7169,45.1911,1
26.9876,1.16162,0
-24.2064,19.5046,1
-6.97473,72.3373,1
-9.12893,-7.31005,1
-95.7061,21.6568,1
11.8536,-4.56118,0
-22.5266,28.1643,1
-81.6295,34.6694,1
-13.5685,32.9614,1
-16.5905,13.5165,1
-5.76757,29.576,1
37.5408,-2.14561,0
-32.7152,22.6174,1
-62.3052,6.84627,1
-34.717,-14.1693,1
-70.4421,-21.2544,1
-2.67691,6.75331,1
-26.5921,0.29341,1
-38.2184,-47.9811,1
-88.1989,-3.22835,1
-31.7167,5.3514,1
-37.1658,16.3661,1
-24.6956,72.5961,1
-21.9677,18.0471,1
-21.7434,12.0197,1
13.0662,-34.2498,0
-65.5521,-24.3036,1
-39.3485,27.7995,1
-82.8986,-29.4677,1
-54.3214,27.5951,1
-34.4144,66.8075,1
-44.3911,54.2128,1
-28.5053,19.6186,1
-33.5119,14.8974,1
-65.089,-1.06399,1
5.70943,-24.305,0
-25.578,12.6987,1
-6.73102,-15.0918,0
3.77097,82.9106,1
-23.5897,51.4399,1
32.2266,8.34861,0
-84.6569,13.3951,1
-2.9087,74.1646,1
-34.3627,19.9793,1
-31.2729,1.0678,1
31.2274,-21.8879,0
-90.2458,6.97498,1
-7.42123,22.1674,1
-21.9419,-11.0102,1
-37.0004,28.612,1
-30.7916,24.5697,1
-80.2199,36.2456,1
-0.266657,6.35931,1
-15.6435,7.3785,1
-19.8564,10.2579,1
-6.2877,28.4746,1
-7.47497,63.9779,1
19.6295,59.4611,1
-36.1247,14.5617,1
42.361,-3.8106,0
12.1654,5.95981,0
-46.5802,9.69303,1
-30.2248,5.01098,1
-69.6496,-28.7528,1
-34.1135,85.1952,1
2.46849,-21.2448,0
-17.2018,21.3615,1
38.6962,30.9475,0
24.1662,-27.7602,0
-37.4419,16.7861,1
-73.2447,45.3433,1
-20.8202,13.3935,1
-75.5638,25.8219,1
10.8757,-43.5055,0
-3.78479,5.35138,1
-4.67138,26.0143,1
-31.5615,25.3407,1
-25.3394,53.6866,1
-15.1532,12.1439,1
-29.1538,-25.701,1
-20.1842,17.9363,1
6.64452,53.9062,1
-39.4563,79.369,1
-9.01867,-33.9623,0
-80.6046,22.5697,1
-9.70941,21.4729,1
-12.0744,19.5593,1
45.1794,31.258,0
-11.9415,20.3556,1
-20.6467,20.0016,1
-65.3832,27.6159,1
-37.6703,16.0227,1
14.2384,22.4825,1
-20.5488,20.6176,1
28.9554,12.9082,0
-19.3519,34.9986,1
-15.2836,27.346,1
-5.7521,-5.89233,1
-0.0456333,6.52555,1
-4.2969,-5.27638,1
-61.7776,-17.7407,1
-15.4252,6.17279,1
6.49183,-3.94077,0
-45.1573,-13.6227,1
-13.01,17.5337,1
-74.7971,69.1616,1
-96.034,30.0259,1
15.3372,-11.2521,0
-78.1542,58.7551,1
27.0718,8.67765,0
-43.8217,31.2984,1
-50.5592,17.4958,1
16.0753,-34.4125,0
-2.6796,-40.671,0
9.03752,55.4841,1
-10.0382,66.8214,1
-18.7916,1.61873,1
-24.3913,4.94129,1
-21.1845,26.4716,1
-60.5202,12.1266,1
-6.25132,-4.51504,1
-47.1236,48.0723,1
-53.1616,13.0044,1
44.7721,13.6579,0
16.1009,-2.90301,0
-44.8648,71.8277,1
-24.2043,16.5096,1
-36.2669,37.6515,1
-18.8766,-24.0007,1
-37.5171,-2.20495,1
-56.3918,-38.9508,1
-40.3094,27.0126,1
-27.828,48.6265,1
-33.8554,42.9847,1
-26.3649,16.4853,1
-8.21807,20.6867,1
-22.7203,80.5725,1
-8.78612,54.4417,1
-13.3933,17.1426,1
-43.0011,-15.836,1
6.44841,-14.7039,0
-91.1584,-10.2514,1
-65.7023,30.5227,1
-26.2334,14.1863,1
-65.5972,14.6447,1
-13.3461,17.9462,1
-27.0455,3.52057,1
-38.1977,-14.0998,1
-22.2595,-32.2978,0
-74.3931,9.72781,1
-54.7555,-40.1677,1
-24.4086,11.8039,1
-32.9191,-4.22211,1
-43.5002,15.1237,1
-16.9214,6.06046,1
-72.3615,31.0612,1
-17.5858,31.7954,1
-18.0307,22.7695,1
4.84795,63.4557,1
-24.9223,15.1493,1
-61.8654,16.8594,1
-33.2619,-27.6691,1
-65.5893,-3.12681,1
-46.2723,85.3244,1
-34.2587,39.6213,1
44.5237,-82.0769,0
61.7726,-28.1362,0
30.2128,16.2836,0
-12.7521,44.9544,1
-34.3657,29.2685,1
-22.9622,-41.9993,0
7.34829,-52.2128,0
-8.01098,2.44169,1
6.00478,-30.8877,0
5.22483,-28.7522,0
-28.0546,-4.25374,1
16.0423,18.0681,0
14.8786,-25.6165,0
28.226,-15.3345,0
78.4832,-63.913,0
33.0882,-6.76717,0
2.68161,-5.7769,0
23.6939,-46.0799,0
23.7909,7.26504,0
18.9659,15.5899,0
-23.9963,-29.0071,1
31.3805,-28.535,0
35.5321,43.8182,0
74.3269,4.79802,0
-23.9643,-69.6617,0
58.0853,25.5913,0
-18.9458,22.4413,1
23.7176,-18.3244,0
57.344,-34.8593,0
-38.0777,-35.3555,1
-38.829,-43.1729,1
57.9259,-81.9984,0
-30.4955,-56.7512,0
8.66943,-15.7454,0
19.2082,-15.6211,0
46.4143,-3.55986,0
36.2212,-32.8399,0
32.1298,33.5777,0
12.6391,-59.9227,0
-9.02477,12.5014,1
22.2549,17.8379,0
65.9336,-77.6725,0
59.7334,-25.4218,0
17.03,-65.9721,0
5.17297,-40.8123,0
15.7804,-17.6612,0
2.43777,-3.45268,0
44.6003,-74.8325,0
14.8182,-16.8001,0
24.3576,39.2971,1
-12.3235,-9.08725,1
-16.8195,9.05808,1
66.8778,11.3562,0
21.0901,-24.3248,0
38.2689,-1.21213,0
22.0737,-21.1953,0
-17.2408,-82.8258,0
60.5199,-7.80904,0
38.2886,-8.68783,0
-9.95986,-41.3568,0
10.4443,-75.1288,0
62.9522,-47.6974,0
20.0984,-20.6788,0
24.5397,-14.8028,0
67.664,13.6738,0
8.34534,-91.6715,0
-2.19533,-13.5926,0
-0.790994,-32.6545,0
37.2864,-26.5475,0
-10.3032,-74.4566,0
-21.2109,-11.303,1
-17.1547,43.7508,1
-22.8233,7.92645,1
22.0506,-22.4446,0
-18.2537,-18.0383,1
-9.11139,-81.1002,0
42.2195,-26.3044,0
42.9266,-66.9454,0
-1.43717,-44.2818,0
41.7908,10.6774,0
-40.6569,9.31416,1
33.7571,28.9245,0
8.92238,-51.1496,0
85.6285,-42.2136,0
44.1467,7.50198,0
-32.7803,0.0891087,1
-1.70131,-2.75624,1
-25.1215,13.5353,1
26.0987,-28.7039,0
32.4637,29.9993,0
30.4651,-32.1576,0
-11.5323,43.6643,1
79.6998,17.9528,0
1.66843,11.7462,1
14.4944,17.0102,0
1.91852,51.4881,1
12.8307,-35.6811,0
3.593,-44.9336,0
15.6991,-21.1174,0
78.4527,17.5263,0
26.7702,-34.7468,0
62.9319,-66.5323,0
36.0296,-31.2759,0
4.36684,-73.2328,0
-36.4309,-7.03124,1
52.1486,-67.5158,0
22.0575,34.0603,1
34.5457,-2.53499,0
-29.019,-31.453,1
11.3949,8.44792,0
71.4708,-1.0861,0
73.8701,-51.0986,0
19.8836,-17.5715,0
25.2604,-22.8285,0
25.1439,-15.5913,0
-0.367849,-69.0252,0
35.5286,-40.1075,0
12.6628,-38.6433,0
5.558,-89.6313,0
21.8019,19.2039,0
56.139,18.1376,0
30.7467,-34.6543,0
3.98843,-22.9906,0
16.9786,-16.1575,0
31.9772,-18.808,0
17.5932,39.7841,1
4.6316,26.5207,1
21.006,14.3641,0
49.6018,20.5294,0
32.4017,-11.2006,0
81.4507,-5.0398,0
2.02466,-17.4002,0
-15.7542,-80.6574,0
47.7645,-33.5395,0
-7.1338,45.1536,1
31.5026,-22.816,0
1.81588,25.8409,1
35.2236,-12.8612,0
60.3966,-38.7693,0
-4.31093,-39.9904,0
18.159,-49.4473,0
4.21154,-7.89954,0
-17.3051,28.0396,1
18.3491,-15.4572,0
-15.6719,-19.2383,1
15.4351,1.2423,0
-8.37418,-31.7858,0
11.7976,45.9905,1
6.63846,-8.0736,0
23.893,-52.8643,0
-20.869,-75.3701,0
32.895,45.4528,1
71.0034,30.237,0
10.9383,-60.4702,0
26.3241,49.9804,1
30.0938,-19.7919,0
42.1287,48.7847,0
18.2208,-18.8491,0
44.0068,-18.172,0
55.7298,-50.1943,0
16.5303,-69.9778,0
-34.9595,21.6845,1
19.0197,-19.348,0
32.5187,-4.64078,0
-12.8952,-70.5154,0
75.0708,-50.2606,0
12.4508,7.89925,0
-4.10889,-15.8454,0
69.4406,2.21261,0
72.7649,-0.715249,0
-45.7941,-40.6411,1
87.4556,1.57453,0
-37.0357,-26.1431,1
-15.9397,-21.0393,1
28.1332,-70.0706,0
10.0446,42.1621,1
10.2786,-20.2691,0
0.628793,4.14323,1
-7.28541,20.7423,1
-42.5396,-5.69001,1
-0.883511,-38.3317,0
8.49395,-1.70396,0
26.2144,-27.5156,0
87.3601,-28.9188,0
20.414,24.8206,0
13.2596,8.27383,0
-46.6285,-41.0618,1
31.4992,-33.312,0
25.3064,-84.3681,0
56.1451,13.1453,0
19.071,-21.6544,0
36.5845,-92.1031,0
30.983,39.4979,1
19.2459,-48.951,0
-53.0736,-9.19308,1
15.2419,-32.8581,0
22.0482,-92.2231,0
79.6963,-20.8572,0
-5.82357,-0.337427,1
48.0159,-8.62917,0
-34.9921,-34.6955,1
-34.5137,-27.6881,1
20.7632,-22.8365,0
37.7347,-43.0184,0
70.1689,8.52047,0
32.4263,-80.3416,0
42.1594,-49.7307,0
74.8658,-53.8008,0
-28.4042,-26.3052,1
76.8908,-19.2078,0
-9.50661,-16.689,0
-43.8358,-6.62892,1
24.1427,-21.7588,0
26.2415,-2.79593,0
17.3943,-13.6058,0
6.01059,-24.8094,0
30.1326,8.502,0
39.4282,-29.8032,0
79.0994,-23.1103,0
-10.7817,-88.052,0
0.586402,-17.6452,0
-13.6499,-61.3298,0
-24.9023,34.7808,1
70.8334,-13.6992,0
18.5636,-15.3675,0
18.8026,-22.8538,0
4.57961,-22.7079,0
45.0384,-9.91438,0
28.6858,-33.5923,0
79.6222,-14.4654,0
10.9676,-47.7575,0
10.2603,-36.9586,0
17.8134,-57.1513,0
61.7281,-27.5244,0
64.3523,-76.6195,0
-2.1813,-11.2896,0
-13.2349,-8.96628,1
26.9511,-4.21315,0
-15.5354,24.6113,1
52.6243,-30.3186,0
66.6057,-40.609,0
36.8659,13.9018,0
-2.75944,0.413221,1
68.3242,-47.6784,0
-12.3465,-73.6358,0
-29.8346,27.9755,1
13.9798,-42.0842,0
29.9821,15.6803,0
33.1858,-48.7968,0
-31.4231,-40.6945,1
-37.306,12.1986,1
10.3601,37.2233,1
59.7734,17.3523,0
-9.76684,-37.6263,0
6.47381,-26.52,0
55.07,2.1528,0
15.0777,-65.003,0
16.7058,-29.1055,0
3.71246,-58.0702,0
-16.6861,15.8974,1
10.1639,49.1489,1
32.1405,-15.5478,0
-37.6681,-37.627,1
67.7655,-71.1079,0
50.4312,-43.5566,0
33.5831,6.5048,0
20.0297,16.9041,0
-10.7084,-17.7473,0
-1.30253,15.4453,1
27.136,-60.188,0
64.8837,18.0646,0
15.5219,11.0311,0
9.02669,-23.7584,0
42.671,-1.69704,0
-11.8576,-58.7435,0
17.1761,-31.9156,0
-4.37607,-17.2087,0
27.3444,-42.0737,0
34.3139,16.1031,0
41.5311,-32.6391,0
21.3598,-52.0523,0
-2.50717,0.139297,1
24.2877,-77.0081,0
32.938,5.59739,0
93.811,-30.9666,0
39.5878,-43.0622,0
52.8735,23.419,0
41.466,-56.0007,0
-4.86112,32.4167,1
-0.82248,-24.3086,0
21.3878,-21.2905,0
11.1592,-88.9836,0
18.3526,-25.2082,0
36.8678,-48.6028,0
30.4906,31.8668,0
76.399,-31.686,0
15.3722,49.343,1
-0.671168,-89.2054,0
18.8684,-23.2383,0
23.3676,-1.12255,0
-40.1256,-37.7378,1
61.0098,-71.2882,0
31.7184,-24.5274,0
30.76,-11.313,0
-39.6659,-63.6336,0
23.6464,-10.3013,0
30.7245,-51.1498,0
24.8779,-74.6758,0
76.1657,-55.7612,0
67.2512,-3.72382,0
-47.7768,-27.5473,1
-17.8136,-41.2639,0
86.8973,-25.0347,0
-20.1312,-63.426,0
78.5004,-35.7098,0
-26.2848,-74.1214,0
46.8927,-41.3731,0
-39.6399,21.2892,1
-25.022,32.6014,1
83.196,-16.1477,0
-9.94662,-1.55273,1
68.7457,-17.037,0
89.273,-6.62744,0
-22.0445,6.44266,1
-17.1922,-27.6378,0
60.0232,-73.207,0
27.7794,-11.4262,0
54.0257,34.5665,0
19.8176,-20.5635,0
14.7257,-42.0793,0
66.1569,22.5559,0
-24.2236,34.04,1
75.9843,-44.1387,0
-22.9517,-14.9927,1
54.3951,46.5096,0
28.8665,-92.9772,0
15.8647,34.1666,1
65.1396,-12.1548,0
72.0575,27.7622,0
2.41805,35.0493,1
32.3768,10.1078,0
55.7264,-21.9274,0
15.0845,-13.1346,0
60.0514,-21.7794,0
26.0729,-45.723,0
29.5901,-23.9479,0
49.6418,-11.2691,0
61.0134,-20.789,0
19.7645,-41.5047,0
13.2447,28.3179,1
71.9676,8.28254,0
-3.70398,-55.5289,0
2.99341,6.59018,1
37.2366,-78.6503,0
-7.56711,-38.0603,0
19.6291,-7.42431,0
-6.89783,44.1989,1
-12.0839,-47.4614,0
1.83565,-35.3422,0
-10.7557,16.4194,1
22.7091,-16.7617,0
81.6877,-57.0635,0
-38.3683,-43.7604,1
80.7771,-26.6493,0
24.875,-87.102,0
21.062,18.5071,0
-5.88243,-62.2212,0
59.4872,40.0523,0
29.7005,-16.6864,0
24.0616,7.21416,0
66.3538,18.0815,0
6.89218,11.4017,1
26.6461,-16.9396,0
-10.465,-54.1516,0
4.04112,-67.6933,0
19.9179,-60.4279,0
33.6522,21.8455,0
75.8438,-15.7082,0
1.66547,18.4827,1
21.129,-44.2726,0
34.3381,-58.8791,0
0.859983,27.6146,1
19.2706,-28.8253,0
23.2609,18.5024,0
8.43393,-66.8824,0
44.8891,5.60719,0
71.3836,-36.5381,0
21.1173,-17.3325,0
28.2569,-21.1574,0
-29.1616,15.7611,1
53.561,-28.3828,0
6.89833,4.41418,0
16.7901,-21.9109,0
13.3712,-7.97957,0
33.0228,-22.7066,0
90.8727,-41.2364,0
-47.9041,-41.7946,1
-36.1868,-28.7305,1
43.041,-19.994,0
-19.1762,-12.983,1
-17.3221,38.1177,1
35.779,-64.8873,0
19.522,-18.5595,0
-25.7307,-70.0194,0
-14.3249,25.1895,1
16.197,33.7078,1
17.7921,-24.0167,0
13.2062,-73.2982,0
19.6069,-20.0713,0
43.5287,-46.4696,0
70.0498,-58.0145,0
-49.9971,-4.92078,1
18.6399,-15.0361,0
9.1771,-24.5061,0
46.8559,-10.2743,0
79.1297,-13.339,0
30.0474,10.7007,0
-7.80409,19.4949,1
37.8199,-15.3679,0
-14.6744,-0.693681,1
19.7708,-19.8132,0
10.5241,-75.7307,0
38.9455,-52.7982,0
-35.1694,-37.4501,1
60.7217,-51.0107,0
-2.01962,-22.2975,0
-15.5902,-37.3535,0
0.122468,-28.3713,0
47.1531,-23.0794,0
20.0144,-20.1759,0
61.7771,24.2923,0
-35.466,15.3162,1
16.4601,-85.3499,0
19.692,-17.3414,0
85.4687,-23.4831,0
49.5153,-7.85496,0
19.5512,-18.9266,0
-5.08302,-24.8793,0
-11.8109,-3.81025,1
-26.2427,-42.5592,0
29.9542,18.1504,0
-22.699,40.1001,1
23.602,-27.5982,0
31.6309,49.7106,1
-4.27206,-66.1397,0
18.5746,-21.0725,0
77.9574,1.53895,0
-14.3491,4.27034,1
14.7214,-29.8113,0
21.0367,21.2927,0
21.7469,-58.495,0
45.9301,-20.6559,0
8.01701,-27.1698,0
35.7387,-25.7283,0
9.43681,-46.9629,0
8.36686,16.4437,1
-23.824,18.2865,1
23.9739,-17.6179,0
22.2348,-24.8102,0
9.98076,-10.2052,0
-25.0414,-10.5499,1
20.2942,-35.6832,0
67.5582,21.9849,0
-43.282,-9.64618,1
84.7752,-27.9158,0
-14.4232,-22.0303,0
22.414,-34.8533,0
38.4685,38.8771,0
19.9669,-60.4196,0
26.7245,11.0149,0
-16.8384,16.3814,1
4.18595,-49.0743,0
4.79298,-56.4286,0
-32.8202,-71.5245,0
-1.71638,46.7725,1
20.0142,-19.9992,0
-10.5214,-0.990003,1
18.1426,-12.4145,0
2.1905,50.1408,1
24.2517,-89.6303,0
33.4051,-29.3089,0
50.6588,16.0337,0
36.6615,44.1621,0
15.4793,-26.3118,0
-8.59502,-7.13319,1
15.0833,-50.6661,0
56.6289,-47.8934,0
37.4673,-65.4875,0
51.7823,34.7739,0
21.9662,-15.1744,0
18.5448,-8.28464,0
-9.97108,0.735702,1
87.2634,-28.7954,0
-23.4253,-45.0702,0
25.6544,-16.0114,0
38.5607,-21.1629,0
41.8554,43.1802,0
4.4567,-51.9412,0
-7.80727,20.8985,1
56.3192,-17.3164,0
60.982,29.9623,0
44.2076,-52.8466,0
54.8075,24.0706,0
21.8619,-12.3414,0
38.6607,-66.5233,0
1.28696,23.4532,1
81.75,-35.0316,0
64.0298,-12.6488,0
19.3804,-20.2062,0
39.4882,5.42716,0
-28.7833,2.27666,1
19.356,-83.8144,0
24.6763,21.268,0
-31.8746,10.4534,1
6.08591,-22.2728,0
10.2098,-19.4653,0
-5.07708,-20.2433,0
17.8406,-14.6696,0
23.0015,8.28341,0
15.282,-29.8726,0
-14.2013,-46.8371,0
-15.208,-7.18035,1
-13.4592,18.3201,1
-7.67994,12.7969,1
-46.2868,-48.7605,1
52.1426,-7.93454,0
17.8689,-25.7277,0
47.3954,-77.3659,0
49.9543,-13.8769,0
25.0397,-12.3722,0
45.22,-15.4237,0
-24.0653,38.4198,1
50.79,48.1065,0
36.1487,-36.5647,0
30.7406,-37.4654,0
27.0022,3.12262,0
76.8999,-61.9008,0
23.222,-25.5252,0
40.6828,-25.3287,0
52.0213,-33.0071,0
85.7023,-35.842,0
18.5703,-20.0631,0
-13.9443,-3.76378,1
42.6366,-45.7057,0
74.4023,-31.894,0
26.3996,-21.5453,0
21.9559,-16.5283,0
25.6505,-25.8135,0
74.9454,-10.0707,0
20.9366,-18.6385,0
59.7703,23.2647,0
32.9167,-33.4043,0
54.5863,-60.5846,0
23.892,-26.1854,0
24.443,-25.4884,0
9.11292,-93.1864,0
-28.2993,15.1136,1
45.7798,-64.7875,0
23.2254,-28.0381,0
22.4961,-30.7042,0
17.0146,-51.7079,0
57.929,-1.86679,0
71.8101,-53.3888,0
-24.48,-72.3223,0
-15.5585,14.9631,1
39.5492,-19.6726,0
30.9612,-65.1523,0
67.6458,-30.0979,0
5.91986,22.1206,1
0.761347,-9.85017,0
27.2015,-19.1291,0
23.6582,-8.34923,0
-8.52519,-68.1982,0
-11.6106,-5.04999,1
12.1074,-15.6129,0
34.2901,-91.4706,0
21.5706,-21.3754,0
21.6788,1.38487,0
55.3061,14.929,0
18.5487,-23.2952,0
-16.2751,-29.9278,0
-39.2513,-43.3072,1
17.3857,-29.6154,0
-7.6974,17.5716,1
24.2573,-3.18048,0
19.4029,-19.5142,0
88.5484,-4.49147,0
-7.35173,22.7404,1
14.2842,-12.4624,0
-25.2645,-29.6694,1
71.0805,-10.641,0
28.8554,-59.3159,0
-37.3426,-64.8368,0
-25.0952,-71.5273,0
-12.9607,40.4138,1
-9.22674,-53.1363,0
6.40451,-93.2343,0
54.067,45.946,0
26.7736,1.63954,0
-20.9929,-15.4872,1
21.1645,-52.7957,0
31.5258,24.6173,0
64.6905,-22.0127,0
5.06451,-5.12124,0
6.63891,-71.1927,0
-2.48306,-37.302,0
40.0506,-12.1643,0
-20.443,-20.0633,1
21.4406,-16.1511,0
24.4472,-14.6623,0
55.2869,-2.0227,0
38.3102,12.7174,0
14.2257,-61.8057,0
68.089,-41.0084,0
33.1684,-61.567,0
32.0354,-67.6963,0
70.5342,-8.24554,0
6.25179,-33.8518,0
47.096,36.9683,0
21.2364,-22.2549,0
34.9613,-92.2358,0
-51.683,-22.9893,1
15.7048,-19.2099,0
79.5011,-6.10852,0
13.9934,-22.7637,0
-42.8035,-16.6813,1
19.4515,16.8416,0
13.1428,-9.00079,0
-44.9229,-52.7742,1
-8.63662,-64.5499,0
87.3222,7.94318,0
22.1799,-24.6296,0
-1.52887,-13.9119,0
17.2567,-23.0848,0
14.2773,-35.3881,0
1.46453,-66.8888,0
-15.3853,-61.9823,0
23.4852,-22.4516,0
78.5118,26.9008,0
24.3246,18.2905,0
-45.4347,4.62923,1
31.5798,-20.3365,0
-39.9847,15.4562,1
37.1773,-37.9975,0
-3.39894,-14.4068,0
10.167,-39.4554,0
-3.80967,-27.8073,0
53.9063,-71.4572,0
70.1621,20.8054,0
21.3489,-19.6391,0
6.81636,15.1647,1
45.5832,-47.637,0
33.9593,-26.6042,0
71.6525,-49.709,0
-8.33745,-9.43459,1
23.2908,-28.7876,0
39.264,-5.43929,0
-32.9784,-32.1513,1
6.46276,-48.6344,0
30.1565,35.6599,0
40.6283,41.8786,0
26.2474,-80.9185,0
9.21895,-19.2262,0
15.1708,-88.0259,0
-1.46854,-59.6778,0
12.9272,-53.7871,0
-5.70362,-33.9304,0
12.7036,-27.4245,0
10.9512,-63.9272,0
22.6591,7.37093,0
31.2104,2.03998,0
13.5815,39.6709,1
-1.34307,25.0905,1
21.576,15.1046,0
29.0785,-2.029,0
43.6927,38.8511,0
45.2872,-62.5265,0
-0.460962,-65.5122,0
28.3913,-64.4926,0
14.5412,27.8217,1
39.5776,-77.9831,0
12.5655,-52.6223,0
21.7215,-92.4604,0
20.8715,1.94255,0
-47.3425,-51.0261,1
19.9058,-14.776,0
51.8408,-1.91563,0
34.218,-85.859,0
18.4918,-17.8303,0
31.6863,-18.5858,0
78.2048,-20.7472,0
-36.0082,23.6802,1
-19.5058,-74.9679,0
-3.70636,-12.2069,0
14.367,-26.6854,0
10.1334,17.1193,1
-3.6878,-41.6639,0
-2.35246,-88.7431,0
56.9832,8.56349,0
-7.49414,5.03801,1
31.1933,-33.78,0
58.3969,-51.2539,0
19.2081,-65.2484,0
38.3513,-79.8447,0
-14.7396,9.02568,1
41.5854,-46.2145,0
18.198,34.3093,1
55.7375,-46.3544,0
-14.3948,-6.62758,1
21.3009,-16.6894,0
24.1372,-29.7785,0
25.9198,45.4738,1
56.8199,-50.3408,0
42.1368,-28.9121,0
-0.507587,-33.3533,0
-29.1569,25.104,1
-21.8382,18.9923,1
25.3149,-10.7569,0
39.5724,0.00103207,0
17.58,7.11798,0
60.4486,19.4474,0
53.8444,-39.5064,0
-2.25166,-5.85956,0
10.2236,-27.6122,0
25.9883,-3.20586,0
7.28705,2.19906,0
-40.3862,-12.4308,1
-52.488,-22.2238,1
-37.5708,-27.6905,1
46.9705,-23.3722,0
13.5495,8.75765,0
10.948,-26.0535,0
18.552,-17.2705,0
60.5973,-45.7057,0
5.97782,-17.7901,0
24.0916,-4.22896,0
22.2785,-22.7123,0
-9.25588,-4.67979,1
45.6851,41.2029,0
4.15374,-20.6346,0
8.97402,-13.0411,0
4.12158,51.0258,1
-7.19357,-32.965,0
-2.46577,-31.6463,0
16.1334,-17.5736,0
19.9855,-19.6348,0
28.5166,-24.106,0
43.8406,-41.6482,0
46.1758,-36.5401,0
17.1713,-27.151,0
7.88789,-4.76417,0
47.3007,-12.7487,0
-24.4325,-22.0906,1
15.0007,4.28316,0
34.7349,-35.8232,0
52.2197,9.82727,0
22.6103,-73.9304,0
-50.8931,-16.8802,1
47.2509,27.4794,0
-8.03814,-45.6321,0
15.9898,-34.979,0
22.0084,-35.9229,0
-10.9912,-35.1643,0
3.1936,-18.1681,0
28.7819,-65.0371,0
19.6335,-2.05029,0
87.3545,-0.512943,0
2.97014,47.8251,1
-45.3779,-2.46483,1
-11.411,-27.8239,0
50.899,-46.791,0
64.0873,-3.62345,0
55.6703,-41.5662,0
10.3956,-53.2568,0
38.7926,-23.4322,0
21.708,-20.8238,0
16.1335,-19.0615,0
-21.0684,25.6579,1
16.7317,-24.1005,0
41.5557,-18.6848,0
3.13395,23.7932,1
53.9922,-42.0604,0
-5.67769,-25.0818,0
11.4484,-22.0899,0
35.3778,-36.267,0
87.3986,-20.1414,0
-2.13546,-27.8921,0
4.73509,-27.3061,0
18.6814,-39.3457,0
-28.9591,-31.6521,1
16.6902,51.3258,1
30.5145,-20.282,0
6.55836,-16.2034,0
37.7157,-4.79361,0
-14.3631,-82.6113,0
-13.8239,-5.04642,1
15.4835,6.14851,0
15.8481,-18.2706,0
44.5545,-11.5579,0
46.0012,-68.9046,0
64.0398,-66.8573,0
20.7921,-20.3826,0
40.2935,47.1098,0
29.7256,-77.9749,0
30.005,9.11618,0
6.98244,-1.26047,0
86.6112,-0.904991,0
55.4717,36.96,0
20.536,-16.9551,0
1.62058,9.79362,1
-29.6951,-47.3437,0
18.7066,-21.1919,0
-0.312863,5.14233,1
55.0027,-48.7507,0
66.288,-64.1273,0
-10.9714,-25.1832,0
-25.2797,-21.8984,1
-45.7647,-24.3444,1
38.1903,17.3977,0
29.2358,-20.9163,0
9.6771,-55.6254,0
30.2527,-13.8801,0
26.5888,-58.2314,0
-8.99085,-51.6952,0
17.0215,-22.0168,0
12.9934,-7.72004,0
74.8762,-47.0523,0
94.334,-28.7328,0
45.8506,-46.8997,0
81.0173,-25.7565,0
20.3087,-10.155,0
13.9694,-16.8355,0
24.822,-12.7654,0
36.6301,-32.8662,0
53.6451,21.2762,0
-35.4093,-13.9345,1
45.2599,-4.15595,0
25.0545,-21.4602,0
6.05716,-55.8317,0
48.1167,-16.5399,0
5.18699,-87.4464,0
5.66404,4.88004,0
-13.5407,-26.0486,0
48.0939,-65.5286,0
8.4022,-27.5161,0
17.6497,-5.20974,0
-22.0847,-68.9567,0
-18.0343,0.830027,1
51.7915,-69.8601,0
7.84355,13.9748,1
43.0134,5.15442,0
22.1723,-38.966,0
21.7276,-23.0167,0
-1.50413,-31.6908,0
24.9698,-21.8879,0
5.49761,-88.9029,0
47.8464,-47.8323,0
36.6248,-31.968,0
4.28011,-63.6339,0
36.8598,-2.2226,0
31.0004,-10.1414,0
28.8747,-22.054,0
-1.48138,-47.1992,0
21.5759,-16.8675,0
-16.0114,-48.4702,0
84.8879,-48.7903,0
12.0162,-22.78,0
-12.3859,18.7484,1
49.7948,-42.5375,0
43.6646,-69.2188,0
2.53966,-25.9591,0
23.5623,-24.4261,0
49.2003,-32.009,0
-23.6065,31.8522,1
49.4898,-11.5551,0
8.6655,-43.4117,0
10.5545,-27.5336,0
35.5351,19.656,0
50.4363,-41.9345,0
39.0765,-37.2533,0
34.3294,-50.9775,0
10.6102,-66.7801,0
-8.92421,-25.8142,0
-14.72,-34.8249,0
71.8088,-19.2586,0
-14.7722,0.0625592,1
-19.6081,1.10621,1
-10.9656,6.94718,1
53.1752,-6.58687,0
-38.9503,3.58894,1
11.7838,-76.9022,0
-13.5663,19.0466,1
-25.9947,34.3769,1
76.2967,-51.4946,0
36.1484,-27.1426,0
69.6877,-40.1761,0
22.4149,-18.887,0
1.79681,-9.70891,0
29.245,-15.923,0
57.5699,-42.3168,0
3.03846,-57.1848,0
20.2047,-29.8278,0
28.59,-15.6502,0
22.3824,-52.8436,0
-8.00835,15.2182,1
14.0228,-24.7075,0
-31.032,21.7901,1
29.3751,-32.2607,0
29.7363,-29.4044,0
-4.14045,-76.9274,0
11.6655,-30.0581,0
-52.5505,-8.75087,1
39.1163,-14.0362,0
23.2327,-32.5583,0
58.6472,-11.6976,0
32.3901,-41.6659,0
5.13085,-27.9136,0
29.6732,-66.729,0
47.1606,33.795,0
39.0091,43.3294,0
7.64155,50.4165,1
-11.9442,-61.3031,0
90.684,1.97794,0
0.359976,22.117,1
48.1982,-41.751,0
88.8392,-48.7535,0
53.7579,-9.12628,0
0.100456,-35.676,0
3.11959,12.5021,1
-51.0818,-15.2369,1
72.0737,-49.9432,0
23.6096,-39.0631,0
12.2686,-22.2479,0
-12.6749,-19.8671,0
3.82729,-76.643,0
36.6824,-7.36157,0
28.9112,-23.9597,0
52.9009,-82.1789,0
78.7883,18.8402,0
43.0284,-3.83968,0
15.3581,-16.76,0
-26.9298,-63.9931,0
4.16165,-68.3432,0
19.4431,-17.3335,0
61.5123,-73.0421,0
-21.546,38.4908,1
25.9475,-56.9577,0
38.754,13.6749,0
-10.3831,1.98675,1
42.7564,0.772096,0
5.84865,33.5508,1
3.48581,-21.7129,0
18.0551,-14.541,0
-22.256,6.27749,1
5.021,-50.9949,0
-13.89,15.7006,1
-18.1286,37.9152,1
27.8765,18.2734,0
-10.8472,20.7909,1
19.0386,-2.44645,0
4.58578,-7.7778,0
34.7497,-12.049,0
82.5629,-5.56878,0
8.13661,42.6556,1
63.9607,-33.4484,0
83.5751,-13.3014,0
-43.7573,-3.96499,1
-24.2141,-28.6455,1
92.6469,-36.2735,0
47.9134,-47.8561,0
11.3966,25.7666,1
-34.552,-42.5841,1
44.9668,46.9669,0
46.8807,1.04849,0
30.9209,-27.953,0
4.65374,-28.4408,0
-44.3925,-46.3258,1
62.0635,14.3801,0
70.483,2.31492,0
-29.3966,-21.9707,1
61.3656,-35.2125,0
29.2398,-20.6833,0
59.2925,19.4796,0
-12.0053,-68.0556,0
27.446,-20.7457,0
21.3394,-18.6732,0
17.1141,-15.7732,0
38.4388,2.22026,0
22.2309,-73.4628,0
27.0098,-30.8305,0
20.1051,51.0118,1
2.74658,52.9713,1
13.1254,22.648,1
2.49153,-5.04522,0
8.0638,-44.0933,0
17.1621,-12.5397,0
17.1262,-17.1219,0
-31.2457,-51.1234,0
52.16,-38.937,0
20.18,4.35087,0
